,id,gender,signuptime,walker_province,walker_district,walker_neighborhood
0,248b0c40-6670-47e1-be2d-052934fac3ea,Female,2019-11-03 22:01:38.006,İstanbul,Ataşehir,
1,01029542-74c8-4ba7-9370-c63d0eab244d,Male,2020-02-11 15:30:28.371,İstanbul,Maltepe,
2,d6d71172-a808-420e-9856-3dd0a067318b,Female,2019-11-06 09:47:58.777,İstanbul,Ataşehir,
3,7f6a0cfd-b94d-4bb6-9db8-d7c28eb03e7b,Male,2020-10-12 11:38:52.230,İstanbul,Kadıköy,Caferağa
4,fb487092-7521-4cb4-b102-a24cd337da54,Male,2020-11-24 13:29:52.648,İstanbul,Sarıyer,Reşitpaşa
5,ce0ea0fb-d2ae-401a-aacb-b6e96a711171,Other,2021-02-16 17:56:38.964,İstanbul,Adalar,Burgazadası
6,a365363c-0f5d-4887-a91c-8375a383a5ef,Male,2020-03-11 14:32:56.370,İstanbul,Başakşehir,
7,bf40c8be-2d8b-4bd2-8778-e16a4e406c6b,Male,2019-06-27 10:46:22.605,İstanbul,Kadıköy,
8,cd202cac-0a4e-4810-9023-43b1eaf1198e,Male,2019-01-02 17:36:34.208,İstanbul,Beşiktaş,
9,166cef7d-fe82-4872-8e92-ec469624f65a,Male,2021-02-18 12:13:50.114,İstanbul,Ataşehir,İçerenköy
10,37124df0-3296-455c-97d6-cf36dbe2995b,Female,2020-07-13 14:40:38.813,İstanbul,Ataşehir,İnönü
11,4892e846-5ba8-4ef1-8b74-8a143476b20c,Female,2019-01-02 17:42:35.176,İstanbul,Kadıköy,
12,b2ecec32-2d76-4a82-b662-9b8b7ac290c0,Female,2020-01-15 08:29:40.262,İstanbul,Tuzla,Postane
13,295fec1a-7892-481f-b40f-1b52b2bac854,Male,2020-01-24 16:18:38.677,İstanbul,Bahçelievler,Soğanlı
14,81cae5ec-31c8-4287-a1bd-90aad87f030c,Male,2020-10-26 12:36:22.829,İstanbul,Esenyurt,Yeşilkent
15,656ba089-b239-4f9d-9bd2-e094f8b9fa17,Male,2020-01-11 14:43:33.889,İstanbul,Pendik,Yenişehir
16,71d2e6b1-c5ef-4330-9087-fc2a245e81a8,Female,2020-02-23 13:36:02.320,İstanbul,Kâğıthane,
17,7eae3cce-48dc-4b4a-8b55-f22f4b374bbd,Male,2020-02-03 11:12:21.586,İstanbul,Kadıköy,Caferağa
18,72b3f6d2-eef0-4800-8a6c-fe173621bde9,Male,2020-02-24 20:34:03.155,İstanbul,Beşiktaş,
19,98f5d234-2b3a-4776-9bd0-5e18ecf7dc7f,Female,2020-08-09 08:46:11.347,İstanbul,Ataşehir,İçerenköy
20,af598fa1-9300-4588-a19d-82c039789de6,Female,2020-02-04 15:07:21.283,İstanbul,Beyoğlu,Piri Paşa
21,17124081-dca0-4d30-a42d-faa41f491fa8,Male,2019-01-23 10:54:15.267,İstanbul,Kadıköy,
22,ccaba378-87a0-489c-bb49-d7541291fa83,Male,2019-12-28 19:40:13.526,İstanbul,Üsküdar,
23,4d20efce-2b54-4448-aad6-0062d82fe61c,Male,2020-03-15 17:53:58.055,İstanbul,Kadıköy,
24,e75aef21-0eb4-4a80-9ee8-f0f0382a1231,Male,2019-05-06 14:49:11.714,İstanbul,Ataşehir,
25,a8e63ace-f649-4cd3-9c85-bdd13483705c,Male,2020-06-25 12:19:26.930,İstanbul,Ataşehir,
26,cb4b8e4b-de4c-4f86-91d9-f92d603ba522,Female,2020-01-27 11:34:25.147,İstanbul,Üsküdar,Kuzguncuk
27,8cdedc96-0c25-484c-a7fc-7e5e87437912,Male,2020-01-24 12:24:44.178,İstanbul,Ataşehir,Mustafakemal
28,9a9d964c-3ddc-46e9-93c6-444b71f7f7c0,Male,2020-10-30 09:56:02.660,İstanbul,Şişli,Fulya
29,b6e77ca5-0aca-45b3-9e28-c2aeccea9cd7,Male,2019-11-10 18:26:01.237,İstanbul,Beşiktaş,
30,f7bbd052-47fa-44c2-92cd-52d7888e54db,Female,2020-01-01 15:54:08.856,İstanbul,Kadıköy,
31,51890c2a-089d-4c8f-bb5a-40dea93c394b,Female,2020-03-04 12:33:51.443,İstanbul,Kadıköy,
32,d65d4e86-57a8-49a9-a492-61492c972d18,Female,2020-06-26 11:11:09.277,İstanbul,Kadıköy,
33,25a0cad3-4b28-4e60-9995-848f27959440,Female,2020-02-01 16:17:15.812,İstanbul,Ümraniye,Yamanevler
34,ba8f571a-2801-467b-92f3-243f295dac31,Female,2020-02-04 10:23:20.028,İstanbul,Kartal,Orhantepe
35,b93995d2-ae36-4445-a3f2-a4c49b13bde1,Female,2020-07-10 14:46:26.833,İstanbul,Ataşehir,Küçükbakkalköy
36,bffef08d-9b5f-48a1-93e5-3244d77306ae,Female,2019-08-27 09:48:32.855,İstanbul,Beşiktaş,
37,fc450e3a-431a-42e8-841b-f5de4f3d53c0,Male,2021-01-27 17:42:25.872,İstanbul,Kağıthane,Yahyakemal
38,3d429edc-3fde-463b-9510-0f2d36d2e0c3,Male,2020-02-04 10:03:07.124,İstanbul,Şişli,Bozkurt 
39,41f93880-83d5-449d-9777-edf52f951bf8,Male,2019-09-13 11:06:30.688,İstanbul,Bakırköy,
40,5ffc59a1-71ba-48d6-badf-b5b3ebbb870c,Male,2020-02-21 15:28:29.864,İstanbul,Şişli,19.Mayıs
41,17190641-9312-4c03-8698-b38285e92275,Male,2021-01-05 16:03:40.278,İstanbul,Kadıköy,Kozyatağı
42,5f45b756-6981-4d7c-a0c3-dafe2c5e6f39,Male,2020-01-15 08:20:41.121,İstanbul,Maltepe,Bağlarbaşı
43,74306f78-517a-45ff-85de-e52d054da912,Male,2019-05-15 11:46:11.498,İstanbul,Kadıköy,
44,4980b912-7738-4c3b-82b1-00ffa44784bb,Female,2020-11-08 12:13:26.513,İstanbul,Beşiktaş,Türkali
45,00e99cd8-9886-4808-8266-7080bcf2ac88,Male,2021-01-23 12:50:52.861,İstanbul,Kağıthane,Çeliktepe
46,43150836-c4d9-426d-aa72-3072df0cea0d,Male,2019-12-26 18:06:56.099,İstanbul,Beşiktaş,
47,e2ee51ad-034a-4e81-97ea-033a19142bf2,Male,2020-08-26 09:12:55.592,İstanbul,Kadıköy,Caddebostan
48,e011a09e-068d-49f1-bb62-382a3e11b3d1,Male,2019-07-30 21:45:42.971,İstanbul,Beşiktaş,
49,0f129b37-8b58-489a-9941-beb19593a066,Male,2020-10-05 12:13:37.069,İstanbul,Sarıyer,Pınar
50,35eb94bb-7a57-46c5-abf0-ae3845e6d197,Male,2020-09-07 12:06:42.904,İstanbul,Maltepe,Küçükyalı
51,28f6eb84-a0ea-4ab2-b53c-b5949cb71caa,Female,2019-11-10 16:50:21.987,İstanbul,Maltepe,
52,4abf389d-4ef6-47e0-a4b8-941f55e6f4be,Male,2020-06-26 11:34:59.456,İstanbul,Üsküdar,Selamiali
53,93db555d-c887-4e71-9288-6a67432d1d3c,Male,2021-01-05 16:18:12.444,İstanbul,Esenyurt,Örnek
54,a84801ae-2d04-441b-8b0e-18e84c148532,Male,2019-12-03 22:27:59.718,İstanbul,Kadıköy,
55,32403be8-c082-4d51-be5f-8811fcad9a68,Female,2020-03-09 14:26:04.215,İstanbul,Şişli,
56,67e59118-2b29-4943-8de2-eee74b9e1d45,Male,2020-09-10 11:42:36.790,İstanbul,Şişli,Bozkurt
57,d8986688-36c2-4d81-afba-64485fd7576b,Male,2020-09-03 14:16:17.795,İstanbul,Çekmeköy,Çamlık
58,244818e0-34a4-4090-8c7e-fa3999acfd7b,Male,2020-09-23 14:16:04.542,İstanbul,Kartal,Karlıktepe
59,5ff14126-f676-4bfe-ad7a-45a014e29bde,Female,2019-09-09 09:13:36.148,İstanbul,Beyoğlu,Cihangir
60,a7fb05f8-8261-4c71-b9e3-61fb3129bcf5,Female,2020-07-10 14:33:10.582,İstanbul,Beşiktaş,Muradiye
61,09704fe0-668b-4e8a-aefc-64f143456192,Female,2019-10-13 20:26:22.014,İstanbul,Üsküdar,
62,557e8aa3-1612-4c86-adef-b23e2ac7e52e,Male,2019-12-02 18:50:48.536,İstanbul,Beşiktaş,Bebek
63,44c20831-6306-47dc-8519-50d6ba4805b1,Male,2020-02-14 14:38:59.542,İstanbul,Kâğıthane,
64,74fa656f-3928-4fbd-b2b0-77dfca23562b,Female,2020-03-05 15:00:57.884,İstanbul,Ataşehir,
65,84ae8ef4-2112-4c2f-a1c5-55d39824d516,Female,2019-01-02 16:30:37.631,İstanbul,Beşiktaş,
66,47ace7b8-a5b3-40fb-982a-693c9555b916,Male,2019-09-23 21:31:06.189,İstanbul,Şişli,
67,b1b0ed72-1274-4fd4-a31e-4429a8a4b5ab,Male,2019-01-30 13:35:39.562,İstanbul,Beşiktaş,
68,99ce556b-e36c-4eb6-ba95-6924d887a058,Male,2019-07-30 13:48:37.499,İstanbul,Kadıköy,
69,a10de594-7162-46c3-9df4-fcfbc6371feb,Male,2020-02-24 15:32:04.605,İstanbul,Maltepe,
70,b7715779-4703-4277-aeb8-46f9ea22acf6,Other,2021-02-16 16:25:59.360,İstanbul,Adalar,Burgazadası
71,a350bf79-df66-4caa-8e6e-7a0d2279b0a4,Male,2019-02-18 13:35:13.994,İstanbul,Beşiktaş,
72,cea8793b-4dff-4fb1-a41b-145113e0b19c,Female,2020-10-30 12:41:05.130,İstanbul,Kadıköy,Acıbadem
73,264df1ac-7417-42ce-a9fa-4f4d09589cc8,Male,2020-03-05 14:31:28.952,İstanbul,Ataşehir,
74,a13fa007-e399-41e6-8f84-a79dcf1f113b,Female,2020-01-03 05:30:31.991,İstanbul,Maltepe,
75,36cb69df-5532-4700-9d43-474112f7b654,Male,2020-02-03 16:31:46.355,İstanbul,Ataşehir,Örnek
76,01fa4741-4138-472b-bdb6-d1f19fd2f44a,Female,2019-07-01 14:50:38.745,İstanbul,Beyoğlu,
77,64fbd43e-72ed-41d5-a741-d4ae2cab8fe3,Male,2019-10-25 12:24:16.161,İstanbul,Kâğıthane,
78,67032147-c7ef-495c-8df1-dddbfeea6fc9,Male,2020-10-26 13:06:22.608,İstanbul,Küçükçekmece,Söğütlü Çeşme
79,5895d554-bd86-4bca-b051-8f9cd0db75ae,Female,2019-04-10 10:30:29.311,İstanbul,Beşiktaş,
80,40d0a914-9a2d-4a16-8c4f-86878b95fd07,Male,2020-10-30 10:15:35.491,İstanbul,Küçükçekmece,Gültepe
81,b688cf9e-6d80-4c03-9022-ac97e05f2c1a,Male,2019-12-17 15:29:50.464,İstanbul,Sarıyer,
82,d0bff319-b2f4-43be-a482-56fc82712740,Female,2019-07-31 13:21:09.998,İstanbul,Kadıköy,
83,9948aac6-7617-4641-9e0f-feabb2101e87,Female,2020-12-22 13:27:16.366,İstanbul,Kadıköy,Sahrayı Cedit
84,a95e9032-3978-4a53-909d-cf010fd0fe64,Female,2020-03-02 10:03:21.003,İstanbul,Beylikdüzü,
85,a092f684-36dc-470f-8765-bfafadc1f860,Male,2020-01-27 13:09:06.868,İstanbul,Şişli,Duatepe
86,f3a803f7-0e64-4143-b255-8fc23a81db84,Male,2020-12-13 11:29:40.496,İstanbul,Maltepe,Feyzullah
87,3742f7a4-c989-48ff-8690-2737fe333663,Male,2020-02-14 14:42:16.938,İstanbul,Pendik,
88,84568695-90b3-4728-b9c0-01d9a9830ca8,Female,2020-03-02 19:30:07.338,İstanbul,Üsküdar,
89,387a0647-6362-42a8-8b6e-2971e12fbde3,Male,2020-01-11 13:56:22.702,İstanbul,Kadıköy,Sahrayıcedit
90,42658cf5-7130-4bc8-a284-583a062a4d72,Male,2019-09-01 11:52:42.694,İstanbul,Maltepe,
91,5b7337bc-ccab-40fd-b706-33880e61813a,Male,2019-06-14 11:35:11.330,İstanbul,Üsküdar,
92,43644236-2807-453a-ba66-57a080efc1bb,Male,2021-01-17 13:30:45.222,İstanbul,Beşiktaş,Cıhannuma
93,e002a8d5-28f2-4b23-ac91-5cbe60037419,Female,2020-02-11 09:45:06.282,İstanbul,Şişli,
94,e7d5b50e-b727-48e1-a89f-55ea266a4248,Male,2019-05-22 09:31:58.717,İstanbul,Kadıköy,Erenköy
95,2d72089e-070d-47ef-a51e-0a4d3704b868,Male,2020-11-22 17:42:10.712,İstanbul,Beşiktaş,Vişnezade
96,5cbfa5ce-a96c-4e1e-be77-c65b71a3a965,Male,2019-01-02 17:47:05.280,İstanbul,Kadıköy,
97,b3b9ad7d-c1e5-4ed0-aedc-10e4e099208b,Female,2020-02-14 11:11:23.935,İstanbul,Maltepe,
98,d028ac1f-b522-4053-8d3b-8b2a949dafa2,Female,2019-05-22 11:35:10.834,İstanbul,Maltepe,
99,a60a0eae-a8a0-459b-815f-ac72b5d90772,Male,2020-09-14 11:35:16.073,İstanbul,Üsküdar,Aziz Mahmut Hüdayi
100,4ad3ddfc-e004-4e7c-abba-b450d5eb3062,Female,2020-11-15 12:40:04.813,İstanbul,Sarıyer,Burgazadası
101,804cd418-ecd4-4ae4-9421-45eac30b93d8,Female,2020-02-03 15:45:03.669,İstanbul,Kadıköy,19 Mayıs
102,9963b6cd-78d2-43e4-9d18-ff6d258ef631,Male,2019-11-18 21:39:14.841,İstanbul,Beyoğlu,
103,c423ed42-53b2-4422-a1bb-13bfd3507d96,Male,2020-02-06 11:52:55.967,İstanbul,Ataşehir,
104,b2a34c67-3988-4421-9322-90359389382a,Male,2021-01-17 09:40:24.719,İstanbul,Esenyurt,Yeşilkent
105,3fcd27a3-09fb-4c6d-981f-ede9b2cf4d36,Female,2020-08-21 16:58:50.170,İstanbul,Kadıköy,Feneryolu
106,54f3ee6f-ec65-40c0-a76d-903584eabb7a,Male,2021-01-17 13:11:09.820,İstanbul,Maltepe,Feyzullah
107,cefc0230-0895-4d1c-a0fb-94ae3fcf0bd3,Female,2020-09-14 11:28:36.389,İstanbul,Kartal,Yakacık Yeni
108,e8220c30-3470-44af-b7e3-3f2a063e6ecf,Male,2020-07-22 11:49:08.882,İstanbul,Maltepe,Çınar
109,5eb77e9a-707c-436b-967c-6ed1bd9913a8,Male,2020-08-24 13:58:43.470,İstanbul,Şişli,Duatepe
110,df6bf251-d829-456a-b359-32690783430d,Female,2020-03-09 15:28:02.532,İstanbul,Beşiktaş,
111,f55e0d6a-ae08-4a54-b06b-c322d287780a,Female,2019-09-23 20:33:44.548,İstanbul,Beşiktaş,
112,2381a7a9-9b08-4e5c-8400-2d61b951eb7d,Male,2020-12-03 09:40:54.214,İstanbul,Esenyurt,Saadetdere
113,873ac117-46d7-4f11-9b6c-8eaa03b5ea5a,Female,2020-01-20 14:50:58.987,İstanbul,Beşiktaş,Ulus
114,4b16aedb-f26a-4f78-a0f0-e920b02ce463,Male,2020-09-01 11:42:20.216,İstanbul,Eyüp,Karadolap
115,6f370617-b82a-489f-900a-23f1b8618896,Male,2020-03-04 19:18:56.107,İstanbul,Kadıköy,
116,cdce991a-87be-42b5-a5d1-49fd317dfa9d,Male,2019-01-02 17:22:28.748,İstanbul,Kadıköy,
117,5ee69b19-4137-4901-86e5-2a7dacf1a47f,Male,2019-01-02 17:19:01.693,İstanbul,Kadıköy,
118,78321f69-8ef5-4087-be81-9c06ce4f484f,Male,2020-12-28 15:45:46.492,İstanbul,Sarıyer,Zekeriyaköy
119,4b508690-9245-4b65-9768-d0d2c1326df3,Male,2020-04-20 15:44:43.985,İstanbul,Kadıköy,Caddebostan
120,7dc5cb1c-8999-4438-8581-4064a32a2fa2,Female,2020-06-25 12:45:10.381,İstanbul,Ataşehir,
121,e9f8d28c-d3a2-450e-a724-f018d67f0f39,Male,2019-08-27 12:01:37.564,İstanbul,Beşiktaş,
122,d0771e8d-6639-451d-a86f-f19c73ad3d0d,Male,2020-12-28 15:33:18.528,İstanbul,Beşiktaş,Türkali
123,3752eec4-446d-4bb1-a2ba-09cf44d42464,Female,2019-12-28 17:38:23.636,İstanbul,Maltepe,
124,753d3312-af63-497d-aaae-efeddd7bf5e6,Female,2020-02-21 14:25:38.330,İstanbul,Kâğıthane,
125,b16124ba-665e-4235-bd33-72ce63624708,Male,2021-01-12 15:00:15.336,İstanbul,Beyoğlu,Yenişehir
126,1e2c2fda-f2f0-425a-8378-90af1cb7102e,Male,2019-07-01 15:05:49.917,İstanbul,Kadıköy,
127,5100f56f-bd11-425f-93b8-be62e05b42c0,Female,2020-02-03 12:25:57.090,İstanbul,Beşiktaş,Mecidiye
128,d15cb74d-21be-404e-bbae-397763f541be,Male,2019-04-15 20:54:42.567,İstanbul,Beşiktaş,
129,dfb2ced6-d218-4a99-9069-4ec37dda0723,Female,2019-02-19 11:08:17.536,İstanbul,Beşiktaş,
130,87b3ac7d-fa36-4ac8-97d1-22f860aa4cc4,Male,2020-01-15 08:41:55.387,İstanbul,Tuzla,Camii
131,75847106-5da8-4d51-a9fc-5fa65cef70e1,Male,2020-10-05 12:50:06.821,İstanbul,Kağıthane,Talatpaşa
132,4edaa96e-cbb9-4c16-a054-d1eff1175cd7,Male,2019-09-13 14:55:20.005,İstanbul,Şişli,
133,3e83d514-eabc-4120-abf4-977af88aa6a4,Male,2019-12-03 15:27:02.691,İstanbul,Üsküdar,
134,ce2ee780-d41c-4de4-943d-7b0b3a1b6bf7,Male,2019-04-15 21:09:01.805,İstanbul,Şişli,
135,0a3ed11f-bd8a-4ce3-8d3e-c49b4bed057b,Female,2019-01-02 18:24:30.203,İstanbul,Kadıköy,
136,38a34296-ce7a-4711-86a2-2f4970854cf9,Male,2019-09-26 14:00:57.829,İstanbul,Bakırköy,
137,5b9be00f-dd2d-4045-b3c3-f1198311bcce,Female,2019-11-18 21:56:38.274,İstanbul,Ataşehir,Barbaros
138,afc6dd20-4dcf-4370-8757-b5be921d29e4,Female,2020-02-23 19:06:18.115,İstanbul,Ataşehir,Örnek
139,62d80200-0685-4397-901c-8c8dcd2cd05b,Other,2021-02-16 17:55:13.247,İstanbul,Adalar,Burgazadası
140,7d36de9a-4718-45c0-89f7-45a2c4cdfc80,Male,2019-11-27 23:01:05.298,İstanbul,Ataşehir,
141,f633b0f0-917d-4909-afe7-ddd5a6c24c5d,Male,2020-01-11 14:54:55.662,İstanbul,Tuzla,Yayla
142,b3b4f26f-44c4-420a-939a-7fd1f2a4d812,Female,2019-10-13 20:33:41.724,İstanbul,Üsküdar,
143,5e26408a-69ac-460b-9cb6-a54932b643bd,Male,2019-12-24 09:55:49.653,İstanbul,Kadıköy,
144,f2a0aa6e-2cbb-46b3-acef-67aac45916a0,Male,2019-12-13 23:09:28.350,İstanbul,Şişli,
145,5af805ff-0d56-4b8a-8785-30e7f98de1a9,Female,2019-12-03 15:56:50.883,İstanbul,Beşiktaş,
146,153c2d27-2194-4d91-aa4d-25b3498e57d8,Male,2019-11-10 17:28:06.367,İstanbul,Üsküdar,
147,6c91c122-9344-424e-9f8d-f9395fc1e5ea,Male,2019-02-18 13:38:14.547,İstanbul,Beşiktaş,
148,615b4c00-4a3d-41bd-ae88-97d9e2485b0e,Male,2020-10-19 10:04:05.990,İstanbul,Pendik,Batı
149,69d90e68-a0be-4344-99c3-cf1914fa5584,Male,2020-03-05 14:43:30.673,İstanbul,Sarıyer,Darüşşafaka
150,aec079a3-05fc-44cd-aa71-1cbab1c27a32,Female,2019-06-03 12:36:42.164,İstanbul,Ataşehir,Esatpasa
151,5e8a2b92-a183-4089-97aa-b3efc0f817a7,Female,2020-11-30 09:31:41.470,İstanbul,Bakırköy,Zuhuratbaba
152,1a47b948-7356-4f27-b0ff-e5f5ac90df90,Female,2020-07-13 13:34:19.868,İstanbul,Kadıköy,Fenerbahçe
153,bdc85172-be44-4484-85f3-b7e1f9330633,Male,2020-11-11 12:14:26.387,İstanbul,Kadıköy,Caddebostan
154,ccf4642b-e979-42f5-bb8a-a473cb53d199,Female,2019-11-22 16:31:13.004,İstanbul,Üsküdar,
155,30ebe504-d872-4c5a-9ec0-d5c1537bff2e,Male,2020-11-03 10:24:59.048,İstanbul,Kadıköy,Burgazadası
156,69a850f4-365b-4246-a0bb-140b5585f6a5,Male,2019-06-27 10:50:26.245,İstanbul,Kadıköy,
157,99d14612-24a8-48c4-97b7-66d645ed375b,Female,2019-05-01 09:27:06.081,İstanbul,Şişli,
158,f240b4f7-185f-4642-8a64-13027e6f428c,Male,2020-12-13 11:22:19.806,İstanbul,Üsküdar,Acıbadem
159,2d5f1f41-046d-4d5e-8cc9-94f43aebd7d5,Female,2020-07-19 17:17:03.179,İstanbul,Kadıköy,Rasimpaşa
160,61dca257-bc0f-41f3-8922-183b36a15dff,Male,2020-02-23 19:28:22.320,İstanbul,Kartal,
161,7594081d-eeef-41d3-b26e-c92e73c11863,Male,2019-10-03 22:23:02.028,İstanbul,Kadıköy,Eğitim
162,5e2470c2-982c-48bb-b006-d52332b0bac9,Male,2020-08-21 13:54:29.895,İstanbul,Kadıköy,Feneryolu
163,72b4e4a6-0b5c-4f16-9c15-fda8891f8bb1,Female,2020-09-10 13:37:34.064,İstanbul,Maltepe,Altayçeşme
164,5207bb2f-b5ac-4a9d-9f1b-ff611c363d97,Female,2020-01-07 10:57:35.091,İstanbul,Pendik,
165,0c9f91a6-4f8c-418d-b045-c5f434b40b50,Male,2021-01-05 13:06:07.945,İstanbul,Küçükçekmece,Cennet
166,ce458cda-3705-45a1-8044-21ce6d501cd3,Female,2020-08-19 18:26:02.984,İstanbul,Kadıköy,Eğitim
167,74d752f5-1d12-484b-a1bf-c5ab5fb03bd0,Female,2019-06-14 13:01:44.422,İstanbul,Beyoğlu,
168,7c1b6475-59e9-4a54-a3ff-c33d57870376,Male,2020-09-07 12:00:46.527,İstanbul,Eyüp,Karadolap
169,271ffe32-71ae-40f9-abff-a723408f7e4c,Male,2020-11-08 13:28:26.614,İstanbul,Sarıyer,Ferahevler
170,f0f07400-90f5-41cb-ae2c-cf359ded8b9c,Male,2020-01-27 13:24:27.920,İstanbul,Maltepe,Bağlarbaşı
171,eb94cf89-be73-4309-b4cb-715554f3962e,Other,2021-02-16 16:29:52.888,İstanbul,Adalar,Burgazadası
172,f6b8fc68-f092-4608-8a82-7e0792d77d40,Male,2020-09-28 10:40:58.267,İstanbul,Beylikdüzü,Büyükşehir
173,c8b46204-a8bf-4aef-90f6-6af78e4a5639,Female,2020-03-09 14:15:17.077,İstanbul,Kadıköy,
174,90b229f9-0e5e-49d3-aa84-bc366af2adf9,Female,2020-09-14 11:41:51.056,İstanbul,Üsküdar,Cumhuriyet
175,f0dbd389-eab9-4491-a7ae-14fa6b21cf89,Female,2019-11-22 16:27:34.204,İstanbul,Maltepe,
176,37ab6cc8-f33c-432e-8617-fd801176de9f,Male,2020-02-13 16:09:51.100,İstanbul,Kartal,
177,96c2a657-cd20-4561-a6b0-cc62b11ca4e6,Male,2020-01-11 14:07:02.038,İstanbul,Bahçelievler,Bahçelievler
178,f5fa0a11-0238-44b4-b3fa-dd6b196b7d51,Male,2020-01-27 10:45:14.962,İstanbul,Şişli,Mecidyeköy
179,74b389f3-cd08-40cd-9116-d24770061395,Male,2020-11-30 08:53:55.350,İstanbul,Beşiktaş,Akat
180,5376ecf7-6f46-4060-bc8e-894e690b2fa8,Male,2021-02-01 11:03:16.135,İstanbul,Maltepe,Küçükyalı
181,2f8dbdd8-9350-4015-b962-eaba81df4ae8,Female,2019-04-29 11:40:33.202,İstanbul,Beşiktaş,
182,73221045-0d8f-4a55-b9a1-6fce731a6d5f,Female,2019-03-12 08:15:05.104,İstanbul,Beşiktaş,
183,73f66e4d-619f-4c2f-977c-88ce9e6e6c9d,Male,2019-12-28 18:29:10.855,İstanbul,Şişli,
184,01d9cdcd-c770-4d29-8ca5-dd0770962b67,Female,2020-02-08 17:45:59.828,İstanbul,Kartal,Orhantepe
185,555e3329-bf58-48ef-8997-160f4713c183,Female,2020-03-04 11:59:13.050,İstanbul,Kâğıthane,
186,dd5345fb-546b-4575-be4f-d2ecdfa804c8,Male,2020-08-10 09:52:47.970,İstanbul,Kağıthane,Çeliktepe
187,454da5ea-c62b-426b-873f-15f49e6c55dc,Male,2019-02-27 15:17:41.193,İstanbul,Kadıköy,
188,df74f239-c283-4ae8-8355-3b67e8581844,Female,2019-12-10 21:07:54.191,İstanbul,Sarıyer,
189,b3bbf353-05ff-438d-abb2-cc89dcbf195d,Male,2019-05-15 13:00:16.736,İstanbul,Beyoğlu,
190,624dcfc9-751c-40cf-8cdf-b2c5173498b0,Male,2020-02-24 20:24:51.223,İstanbul,Maltepe,
191,7248ed0e-ce8e-4e3d-b6ff-f8ef5db09a63,Male,2021-02-15 12:36:38.045,İstanbul,Maltepe,Zümrütevler
192,c0fb1eda-f70f-4b96-a17d-c048d006a468,Female,2020-12-28 15:00:29.601,İstanbul,Küçükçekmece,Halkalı Merkez
193,ebbbaff8-4604-48d7-a17b-a2c0d02ee19e,Male,2019-02-06 17:09:44.753,İstanbul,Kadıköy,
194,d92dfcf5-0f67-4695-b2d5-605254e2d7b2,Male,2020-01-15 08:01:50.230,İstanbul,Bahçelievler,Sivayuşpaşa
195,e39568f4-f451-4f60-be5f-8c7d52cab916,Female,2020-11-25 13:18:33.309,İstanbul,Ataşehir,Ataşehir Atatürk
196,3f3c33d0-5406-4520-b728-b6e10646774b,Female,2020-12-18 10:38:45.411,İstanbul,Maltepe,Altıntepe
197,5bb2c91a-6f0e-4801-93e6-7ca0555138cb,Male,2021-02-05 11:49:10.090,İstanbul,Eyüp,Akşemsettin
198,891c3a4a-d3e8-4b24-9f07-94ef30fc6c3e,Male,2019-12-16 18:38:30.579,İstanbul,Beşiktaş,
199,c1da1cf0-4d49-496e-9e75-241e76d2acb3,Male,2019-04-15 21:17:03.446,İstanbul,Şişli,
200,25e4f489-6e1f-44c1-9b98-3837fb301535,Male,2020-02-03 16:24:26.781,İstanbul,Şişli,Duatepe
201,1a997b08-8c03-4970-a63c-faeebddd0539,Male,2020-08-19 13:48:16.146,İstanbul,Üsküdar,Ünalan
202,5b11b18d-b3fd-4a2f-8ea5-6ccd4772e72c,Male,2019-12-28 19:13:05.169,İstanbul,Üsküdar,
203,67d5a2ed-db55-46d1-9899-29d45d10887f,Male,2020-08-09 08:31:50.578,İstanbul,Ataşehir,İçerenköy
204,37364000-92f8-436e-8702-05ff6c3b72be,Male,2020-03-17 12:57:50.321,İstanbul,Şişli,
205,f1d8c0a7-0234-4de0-a51a-1ecb6a3d95e1,Female,2019-10-23 11:59:57.287,İstanbul,Ataşehir,
206,032d9fbc-0c36-4025-896d-d7056c993b9f,Female,2020-07-06 19:16:59.741,İstanbul,Kadıköy,
207,0fc0e652-5f83-4625-a07f-884dceaa9e27,Male,2019-12-16 20:12:09.587,İstanbul,Sarıyer,
208,3547f6e6-5344-4e72-838e-c6e111d6a080,Female,2020-09-07 12:11:42.514,İstanbul,Maltepe,Aydınevler
209,a64e0d13-bac9-4e7b-93f3-5f59f2589bcd,Female,2021-02-11 12:08:53.964,İstanbul,Şişli,Bozkurt
210,0ddcbc8e-8a3e-4f57-aba9-f9e7289135c4,Male,2019-06-14 12:40:51.342,İstanbul,Beyoğlu,
211,91be7e3f-7368-464c-909b-54a057df83a3,Male,2020-01-11 13:46:10.302,İstanbul,Kâğıthane,Hürriyet
212,6945fbf0-225f-4349-b96c-86f1bcd0c172,Male,2020-09-27 12:07:16.462,İstanbul,Kadıköy,Eğitim
213,046c313d-7824-41d6-8b98-5c32e33eff17,Male,2020-01-27 11:26:06.950,İstanbul,Kadıköy,Merdivenköy
214,2ec925ca-7417-43b2-8669-6d1300ef1b2b,Female,2020-03-05 14:47:33.649,İstanbul,Beşiktaş,
215,761718f9-137a-43a2-94fb-806c24351326,Male,2021-01-23 13:16:23.535,İstanbul,Kadıköy,Caddebostan
216,490ab589-03c3-44b7-a9eb-953c2088fdd4,Female,2020-07-23 12:53:28.590,İstanbul,Beyoğlu,Halıcıoğlu
217,836604b9-17d1-42e6-a139-09ff54d1f512,Female,2020-01-14 18:46:36.418,İstanbul,Kadıköy,Suadiye
218,354529f1-be25-4258-8c8a-494a263ac836,Male,2020-11-27 10:38:18.148,İstanbul,Ataşehir,Mevlana
219,51bfa3ea-ab13-432e-a3d6-56aaaf909c57,Male,2021-02-05 11:44:08.257,İstanbul,Maltepe,Küçükyalı
220,0db57268-a350-485f-8ac5-6efc884b3979,Male,2020-07-03 11:33:23.538,İstanbul,Ataşehir,
221,c878f40b-0c13-4535-b09d-c8e5e790fcf4,Male,2019-04-10 10:27:45.257,İstanbul,Beşiktaş,
222,be905b1d-e895-4595-aade-643db941f22e,Male,2019-03-18 10:23:13.783,İstanbul,Beşiktaş,
223,c1c47171-76ea-4087-9a4b-7ac640e32f3a,Male,2021-02-15 09:55:02.777,İstanbul,Üsküdar,Acıbadem
224,0bab10ee-bd43-4832-9a89-4449d5375f5f,Male,2020-10-19 09:51:03.422,İstanbul,Beylikdüzü,Burgazadası
225,5edbd78f-97c1-496d-8f20-fd796121c753,Female,2019-08-26 09:13:38.927,İstanbul,Kadıköy,
226,09dbf736-0093-43d4-8903-56d61d7987a0,Female,2019-11-10 18:58:58.256,İstanbul,Kadıköy,
227,2e72f5c7-ec13-4047-af19-037d4fa6ffc2,Male,2019-12-03 21:32:51.544,İstanbul,Kadıköy,
228,35cd6aa0-2d84-4a92-91e2-0e09ada0cd5e,Female,2020-02-23 18:15:30.768,İstanbul,Üsküdar,
229,e93ff7a3-295d-44e4-9a1f-466e9997c981,Male,2020-06-29 12:51:46.813,İstanbul,Kağıthane,
230,b6b7c0f3-9aa1-47ce-b48f-2bf67b0bbc69,Male,2020-01-20 12:33:38.429,İstanbul,Ataşehir,İnönü Mahallesi
231,ab2e3e14-c345-41a6-95fb-0801aaa8f1ae,Male,2020-02-27 20:21:44.238,İstanbul,Maltepe,
232,272e765d-13d5-4e13-a641-6e2955d7db99,Other,2021-02-16 16:30:26.826,İstanbul,Adalar,Burgazadası
233,3a1e122a-ae6f-4000-a65b-bfa86ee77340,Female,2019-02-10 15:31:45.424,İstanbul,Beşiktaş,
234,3d68fc25-f7b3-4a31-bf61-b9dc7f3bfcd0,Female,2020-06-26 11:19:57.160,İstanbul,Üsküdar,Ahmediye
235,972733d2-ed18-4ca1-8e3e-f12372d76096,Male,2020-07-19 10:31:25.255,İstanbul,Üsküdar,Validei Atik
236,d995546c-3243-4b3f-b4a0-05a9084e1558,Male,2019-06-14 12:48:09.075,İstanbul,Şişli,
237,050965e8-fc56-4bb6-968a-e570b7d0d6e6,Male,2020-03-09 15:04:27.969,İstanbul,Bahçelievler,Bahçelievler
238,33ce0158-cf03-489c-8421-1a59759f4b8c,Female,2020-11-30 10:30:44.606,İstanbul,Kadıköy,Suadiye
239,eca75eaf-a328-48cb-92ff-081ed4db4c9d,Female,2020-07-13 12:54:15.669,İstanbul,Üsküdar,Barbaros
240,c2e4d34e-e251-4174-a8e4-da98636dfa9e,Male,2019-01-02 17:17:59.841,İstanbul,Kadıköy,
241,c944ddd7-bfd6-427f-b092-d8875d146188,Female,2020-01-20 12:18:45.117,İstanbul,Üsküdar,Barbaros
242,75c76deb-7f51-4eb5-8e41-1158fec54ef6,Male,2020-07-22 13:49:36.585,İstanbul,Üsküdar,Validei Atik
243,9312ca38-70d4-4705-8269-538c57d9b772,Female,2019-03-12 08:34:17.090,İstanbul,Beşiktaş,
244,554ac404-80aa-4b1a-a91c-24875f9e4279,Female,2020-09-21 12:36:53.240,İstanbul,Maltepe,Küçükyalı
245,2631acff-08cf-4777-bdba-5b5b7e2782c8,Male,2020-11-03 10:50:11.811,İstanbul,Kadıköy,Bostancı
246,671e40e0-4896-4a43-84ec-c0c1513f5abb,Male,2020-07-06 18:59:40.292,İstanbul,Beşiktaş,Levent
247,5ea477a6-5572-4af7-a3e6-6d4ce0cd98de,Male,2020-12-07 12:59:26.928,İstanbul,Sarıyer,Tarabya
248,8a0498f5-a3c5-4919-9d01-40b0aea0330b,Male,2019-10-23 10:48:58.940,İstanbul,Ataşehir,
249,33a4822c-08c3-49ff-a90d-22e05e3ecd0c,Female,2020-01-20 14:44:03.927,İstanbul,Bakırköy,Kartaltepe
250,44341a1d-3f88-4217-afb1-380ed392a16f,Male,2019-10-13 19:31:06.250,İstanbul,Üsküdar,
251,d4a1152a-eb22-4f44-8083-a5229c181358,Male,2020-09-23 14:08:18.619,İstanbul,Çekmeköy,Çamlık
252,a5b01bd2-5912-4c57-93ca-201f52e7d519,Male,2020-03-17 13:23:30.914,İstanbul,Beylikdüzü,
253,d912ce3a-ca4c-480f-9c2c-1a3652a30c39,Male,2020-03-09 14:45:39.908,İstanbul,Ataşehir,
254,7245b538-ed9b-4474-af79-74d1a4b2652e,Male,2020-03-15 17:40:36.604,İstanbul,Kağıthane,Harmantepe
255,359c24c2-4a32-4e6a-96b4-dc7baafd0f3d,Female,2020-08-21 14:19:46.984,İstanbul,Kadıköy,Osmanağa
256,ff709292-6ece-4d95-83d1-2b74aee65631,Female,2020-02-29 14:34:05.325,İstanbul,Kadıköy,
257,4da6718c-0fcb-43a7-abe8-856fa90625c6,Female,2020-02-21 14:52:25.302,İstanbul,Şişli,
258,067e8577-0fc0-482f-9847-09e3c4aadbfb,Female,2019-08-22 14:26:54.497,İstanbul,Kadıköy,Rasimpaşa
259,59dd79b0-4384-410d-929f-fb63b9df9aad,Female,2019-03-12 08:45:33.899,İstanbul,Beşiktaş,
260,ab1eea1a-a1d8-4bc4-81aa-3cabf8d404ee,Male,2020-07-19 18:35:11.658,İstanbul,Ümraniye,Namık Kemal
261,245ab8f8-5c76-440b-8007-9b100c806f94,Female,2020-02-21 15:35:25.429,İstanbul,Kadıköy,
262,7f96466f-b79e-4bd3-b35b-f24a720f2284,Female,2020-01-20 14:00:39.832,İstanbul,Üsküdar,Murad Reis
263,b72f52af-19ab-477d-a5ae-0364956e94c8,Female,2021-02-26 11:22:36.884,İstanbul,Beylikdüzü,Yakuplu
264,ca68b5a8-a8e2-42f6-9518-6a19c84c03b3,Male,2019-12-10 15:30:35.686,İstanbul,Maltepe,
265,4c58f1c4-de32-41bb-b18d-77d56b5f55d9,Male,2019-05-28 13:36:09.398,İstanbul,Kadıköy,
266,db512508-e038-4e73-b7e2-9b4e681225b1,Female,2020-02-24 21:03:21.425,İstanbul,Kâğıthane,
267,f10d07a1-cab1-4233-9204-9c4b0af48b44,Male,2020-09-28 10:51:34.069,İstanbul,Eyüp,Alibeyköy
268,1397c1a3-2af9-41c4-b691-890638e7d84c,Female,2021-01-08 12:09:56.751,İstanbul,Kağıthane,Yeşilce
269,2aac5c05-6d5e-49b6-8860-a731bd83585a,Male,2020-08-25 14:19:58.738,İstanbul,Eyüp,Güzeltepe
270,9dbff2d7-6974-4b6c-8949-73a15f2e708d,Female,2021-02-20 19:20:35.682,İstanbul,Ataşehir,Barbaros
271,51a65867-cebe-418b-893b-aef79a838992,Female,2020-09-28 10:36:09.675,İstanbul,Beşiktaş,Etiler
272,d4245f35-5899-4157-be45-26607239f731,Female,2020-08-21 17:06:00.619,İstanbul,Beylikdüzü,Adnan Kahveci
273,7becfa04-9483-457c-94c3-186b69b0041d,Male,2020-11-11 13:37:49.193,İstanbul,Kadıköy,Göztepe
274,7a5798a3-8651-44e7-9f47-ab5589e72a74,Male,2020-01-01 15:17:02.540,İstanbul,Ataşehir,
275,f3b6f06a-4341-4666-b76c-1405574edc23,Female,2020-03-09 14:45:51.555,İstanbul,Kadıköy,
276,150cf844-7217-4466-b4ee-a5cc0cc5f14a,Male,2020-10-05 13:18:23.226,İstanbul,Şişli,Mecidiyeköy
277,b801d018-9ef7-40cc-a82a-05de49326d98,Female,2020-12-22 13:05:39.135,İstanbul,Kadıköy,Rasimpaşa
278,d8ac3158-f54e-44a2-87e9-05eb50821369,Male,2020-01-27 11:07:10.038,İstanbul,Sarıyer,Yeniköy Mahallesi
279,1328aa70-4e3c-46a7-b7a4-f89a95de16c4,Male,2020-10-26 13:41:53.663,İstanbul,Çekmeköy,Taşdelen
280,cceb86d4-846b-40ab-a1be-cde240c5cc8a,Male,2021-01-17 09:53:34.976,İstanbul,Şişli,Ergenekon
281,747946ad-b55a-4400-8bf0-ce15929cbb9b,Female,2021-02-20 18:51:35.730,İstanbul,Bakırköy,Ataköy 2-5-6.
282,3f8863ad-17ea-470b-8f61-f25c62635c11,Male,2019-09-01 11:45:39.207,İstanbul,Ataşehir,
283,a4436440-08ed-480d-88d2-43062647f087,Female,2019-12-10 21:35:53.632,İstanbul,Beşiktaş,
284,ee671962-b5a1-48a8-ab4c-22522bc5573f,Male,2020-02-29 13:55:45.321,İstanbul,Şişli,
285,b6d33f5d-5173-4880-89ab-41116971cba9,Female,2020-10-08 14:12:07.317,İstanbul,Beylikdüzü,Barı
286,9f4502cb-f0a6-443b-bdba-6ec582390967,Female,2019-10-07 09:29:22.305,İstanbul,Üsküdar,
287,d92503bd-fba6-4d50-9abf-e3ac5efa2b2b,Male,2020-02-29 14:19:34.893,İstanbul,Maltepe,
288,c7130125-3b7f-4c36-aa92-33d9e47b0f27,Female,2019-09-02 07:40:48.961,İstanbul,Kadıköy,
289,0b1ccc00-042a-4f98-9a51-08a4ff9ade6e,Male,2020-01-07 10:32:20.421,İstanbul,Maltepe,
290,e4effb32-b32d-4ad8-948d-2ab49f22bc0d,Female,2020-07-24 12:19:13.456,İstanbul,Kağıthane,Ortabayır
291,5460a9a8-c917-4246-926a-21e9ab6046bc,Female,2020-09-27 12:00:41.538,İstanbul,Bakırköy,Yeşilyurt
292,0aff0ca7-9f32-4067-b068-822db3bbb056,Male,2019-08-27 22:37:28.310,İstanbul,Kadıköy,Sahrayı Cedit
293,6601a29a-e595-4a8c-b6a8-f09e9ab8234b,Male,2020-01-24 17:40:42.946,İstanbul,Beyoğlu,Halıcıoğlu
294,453046dd-8ce2-4096-9330-357b8bd95bf2,Male,2020-03-17 12:28:48.191,İstanbul,Beylikdüzü,
295,78e0bc1a-8a69-4c81-86bb-e4b787ee1425,Female,2019-12-23 19:16:03.347,İstanbul,Maltepe,Yalı
296,7bd457ca-2756-4ba3-8828-4a85ba1aba06,Male,2019-01-03 20:35:44.407,İstanbul,Kadıköy,
297,3de45162-8a9b-4776-843f-3c48d0885a2c,Male,2020-07-13 13:14:38.669,İstanbul,Beşiktaş,Türkali
298,97941ac2-dee8-4590-a02b-71457f2d2d63,Female,2020-02-03 15:34:08.632,İstanbul,Kadıköy,Bostancı
299,1cbf74c7-8379-4598-b0d5-c1836622a5e5,Female,2019-05-15 12:41:39.825,İstanbul,Şişli,
300,2e37e02c-e898-43f4-b8ff-4197a9a40fc8,Female,2020-01-13 19:51:14.767,İstanbul,Bahçelievler,Bahçelievler
301,f47cb35c-d536-49ea-afdf-94b0c141f436,Female,2020-11-22 18:31:13.202,İstanbul,Kadıköy,Caferağa
302,4432d14f-c511-42dd-8a12-cb7be314ac59,Female,2019-10-13 20:49:53.154,İstanbul,Kadıköy,
303,80bbaf04-9f27-4664-8d85-7e2ee15098c9,Male,2020-01-24 12:52:19.478,İstanbul,Şişli,Ergenekon
304,314a1d51-ee11-4724-9689-932d4f928b04,Female,2020-02-23 18:40:32.002,İstanbul,Beylikdüzü,Barı
305,583edc47-dac4-48b3-b291-515d7cb29663,Male,2019-12-25 06:21:43.124,İstanbul,Ataşehir,
306,deb55abf-ad1b-45fe-8073-e701e9275258,Female,2021-02-11 13:09:35.430,İstanbul,Esenyurt,Saadetdere
307,849a8c6a-6717-4e05-ac6d-dd96e29cf83d,Female,2020-10-13 12:02:58.883,İstanbul,Zeytinburnu,Seyitnizam
308,4b827051-158e-47ca-bac1-bcf4b73035ff,Male,2020-12-06 16:55:38.166,İstanbul,Üsküdar,Küçüksu
309,01b0fb51-4461-4638-95a5-8fc8c0ef1c9d,Female,2020-03-09 14:52:09.482,İstanbul,Şişli,19.Mayıs
310,fdcd70a8-889a-4205-87df-6047bc4e0404,Female,2020-01-13 20:13:27.772,İstanbul,Beşiktaş,Yıldız
311,6ed556c8-341b-4d71-be6f-db5e2da83fd4,Male,2020-11-26 14:07:02.556,İstanbul,Beylikdüzü,Yakuplu
312,37473826-bd06-497f-af78-8a5ef5a48a2d,Female,2019-01-02 17:25:06.522,İstanbul,Kadıköy,
313,e079dfc7-277d-43c5-a977-c15a89e67921,Male,2020-02-14 11:51:16.817,İstanbul,Kadıköy,Göztepe
314,2751e212-656d-4dde-8356-4d5138a8e0bb,Female,2019-06-26 12:44:39.774,İstanbul,Kadıköy,
315,7fc3acda-b17a-44ea-92d8-066cbe114b9e,Male,2020-09-14 13:50:02.941,İstanbul,Sarıyer,Tarabya
316,fde176dc-7f6b-408f-8c3e-6835b651d5ba,Female,2020-01-24 12:44:10.224,İstanbul,Üsküdar,İcadiye
317,9b072bf1-94f6-4943-baeb-2167b1e613d9,Female,2020-08-10 09:44:52.740,İstanbul,Maltepe,Zümrütevler
318,8e279748-b473-4bb6-9786-22ca8da71bb8,Male,2020-02-23 14:18:22.173,İstanbul,Kartal,
319,68f386cd-395f-46db-af89-6ab9d2a85c91,Male,2019-03-27 11:25:05.402,İstanbul,Beşiktaş,
320,a2c47504-c037-43eb-a191-032814a2ae58,Male,2020-12-06 17:10:14.098,İstanbul,Şişli,Feriköy
321,5c113c3d-80db-4119-8bc2-cc5672893219,Male,2019-11-07 13:03:22.254,İstanbul,Beşiktaş,Bebek
322,c8321515-48be-496d-ae59-8cb83d430983,Male,2021-02-01 11:19:32.290,İstanbul,Kadıköy,Eğitim
323,74eb7213-e6bd-4135-a7f2-80cc2cd0b334,Male,2020-12-02 12:17:50.069,İstanbul,Kadıköy,Acıbadem
324,4270c1f8-b809-4322-a719-ac8bc158c402,Male,2019-08-06 12:26:58.469,İstanbul,Kadıköy,
325,09e59ced-1172-4744-a2bb-eb68ae83041c,Female,2019-09-13 14:04:26.423,İstanbul,Beşiktaş,Etiler
326,57359006-3d72-4044-a128-7e5832b5455c,Male,2020-02-13 16:19:09.412,İstanbul,Maltepe,
327,8091990a-62a9-415b-a24a-f8cfa9b6c962,Male,2019-10-13 19:04:38.088,İstanbul,Ataşehir,
328,8c3d5b83-778d-47cb-ae82-c93d7e4c4f39,Female,2020-03-02 09:54:07.499,İstanbul,Beykoz,
329,f12c75c0-6895-4322-b771-7e27b0be5448,Male,2019-01-02 17:36:40.229,İstanbul,Kadıköy,
330,4f6e36c3-8760-45b9-b7ec-d66d201f1cb1,Male,2019-07-30 19:10:05.030,İstanbul,Şişli,
331,6d3c4909-56c3-4764-8e72-5cec84a02d07,Male,2019-09-09 15:09:24.255,İstanbul,Beşiktaş,
332,c8a6c1b8-ee43-4454-99bf-47daa7e3c7ff,Female,2020-03-05 14:56:35.259,İstanbul,Kadıköy,
333,a15a6a7e-f93a-4270-9dcc-7e5edd42f544,Male,2020-08-21 16:55:39.355,İstanbul,Üsküdar,Aziz Mahmut Hüdayi
334,080f5f3e-81d0-42be-944d-e42544a180cf,Female,2019-09-23 20:40:43.754,İstanbul,Kadıköy,
335,039ef97f-f368-4a20-bb32-38a1d2eca222,Male,2020-10-26 14:14:46.232,İstanbul,Beşiktaş,Yıldız
336,9c6c723c-382f-4351-9b67-4eb513cee451,Male,2019-01-02 16:59:14.024,İstanbul,Kadıköy,
337,7464f930-a482-433b-8115-34eba4c6c3c0,Male,2020-03-09 15:23:49.444,İstanbul,Kadıköy,
338,2749d40e-3b90-45f6-b103-2f9a4e9d942b,Male,2019-02-10 15:47:59.428,İstanbul,Beşiktaş,
339,850ad82a-6fbc-429a-abb3-f81716bc0515,Female,2019-01-02 17:34:25.604,İstanbul,Kadıköy,
340,5498bb4e-31e1-4c29-bb95-43c2d08cd39f,Male,2020-03-04 12:05:58.378,İstanbul,Şişli,
341,95b6c6b4-84bd-4d6c-b726-3d28c75cd24a,Male,2019-12-14 00:32:27.954,İstanbul,Şişli,
342,c033c499-548e-47b3-bdbb-5a71bd90bf8a,Male,2020-09-21 11:32:11.316,İstanbul,Kadıköy,Göztepe
343,3196ebcf-6910-4f15-9ee1-2105c0524c50,Male,2020-09-03 14:06:23.933,İstanbul,Eyüp,Karadolap
344,623a27d8-fc23-46d4-83c3-db5c480398f9,Female,2020-01-25 19:28:08.127,İstanbul,Kadıköy,Eğitim Mahallesi
345,e22b2642-10b8-4c18-9664-77ad093098a0,Female,2020-06-22 08:36:59.262,İstanbul,Beşiktaş,Nisbetiye
346,9ba7e1d3-feee-495a-b461-df60d89c5b7f,Male,2020-02-24 21:07:00.994,İstanbul,Bahçelievler,
347,baca70ef-a466-4926-aa83-466d9798b448,Female,2019-06-14 11:32:47.631,İstanbul,Ataşehir,
348,502f1153-8ddd-4551-bc58-7dbfbee0f7cd,Male,2019-12-13 22:56:43.736,İstanbul,Üsküdar,Küçüksu
349,91da539b-5e33-479b-afdd-60922e75dc25,Male,2021-01-08 11:51:06.585,İstanbul,Maltepe,Cevizli
350,da938957-d6f6-4481-9339-c0b18562ff02,Male,2020-02-24 20:20:18.911,İstanbul,Tuzla,
351,7fa04473-22d6-4b4e-815f-2b0080ca02d9,Female,2019-01-02 18:17:24.641,İstanbul,Kadıköy,
352,c443ff98-55a4-4d48-8eaa-b45256ec68dd,Female,2019-01-03 20:29:43.809,İstanbul,Kadıköy,
353,8ff10fd7-3dac-40aa-8744-590ddc9d615d,Female,2020-07-24 11:50:36.635,İstanbul,Ataşehir,Kayışdağı
354,41f5051e-5594-471a-b95e-e2ee5e69a800,Female,2019-12-26 18:39:25.485,İstanbul,Üsküdar,
355,a4093afe-2b97-4314-96c7-980fd713282c,Male,2020-09-28 10:31:28.284,İstanbul,Üsküdar,Bahçelievler
356,f037050a-29f9-4301-adb4-bc478557595a,Male,2020-12-06 16:10:00.603,İstanbul,Maltepe,Küçükyalı
357,1363ab7d-ce9c-4afd-8d14-98aae5e01173,Male,2020-09-03 14:11:55.668,İstanbul,Ümraniye,Madenler
358,a24c9f72-eaa6-464b-ab02-2f3be8f3ad00,Female,2019-10-13 19:52:05.190,İstanbul,Sarıyer,
359,d64f5f59-11b8-487e-babc-a799c2fc9d90,Female,2020-09-21 12:51:13.810,İstanbul,Bahçelievler,Zafer
360,f311acc2-8f6b-411d-87aa-ca22da5c7110,Male,2020-11-15 12:20:09.633,İstanbul,Ataşehir,Mimar Sinan
361,e9d40d98-7f8c-4acb-8d27-921c89101dfd,Male,2020-01-24 16:12:59.619,İstanbul,Beyoğlu,Hacımimi
362,e1af8030-dbcd-4c70-b5d2-dce28bef697c,Female,2019-02-12 15:03:02.017,İstanbul,Beşiktaş,
363,740b716f-5e53-49a2-b9c2-68a43d711af0,Female,2019-12-28 18:55:57.365,İstanbul,Şişli,Merkez
364,7ce2666b-65a3-4567-99e0-cb1e934068ec,Female,2019-08-26 09:03:06.189,İstanbul,Kadıköy,
365,f4b96615-5471-455b-8729-28d527de31a0,Male,2019-01-02 17:31:54.879,İstanbul,Kadıköy,
366,2a33d890-8e34-4215-a714-a468850125c3,Female,2019-09-09 18:09:43.501,İstanbul,Kadıköy,
367,443559a7-bec0-4493-b2db-50532c33c258,Female,2019-07-30 09:42:32.613,İstanbul,Ataşehir,
368,12b90345-cc9a-4062-a214-b5721621a6e9,Male,2020-07-22 11:32:00.746,İstanbul,Maltepe,Aydınevler
369,647c1397-a433-4e33-878c-9de1b2437f21,Female,2020-10-12 11:12:22.067,İstanbul,Kadıköy,Rasimpaşa
370,9840e978-1108-490f-97ee-3adfb91a4f30,Male,2020-03-02 19:50:19.976,İstanbul,Sarıyer,Ayazağa
371,287ef3e9-2977-4a70-9e1b-34eaa99d4b0e,Female,2020-02-23 13:18:25.042,İstanbul,Beşiktaş,
372,830e1b08-e678-464d-ba3c-c8949aae2bbd,Female,2019-03-12 08:21:39.209,İstanbul,Beşiktaş,
373,b1734eeb-ef66-46eb-b8bd-c7231cd74a4f,Male,2020-11-08 12:27:01.377,İstanbul,Ataşehir,Küçükbakkalköy
374,6bd7b328-a502-4845-adb4-3aa3e781c6f0,Male,2019-11-27 22:04:50.842,İstanbul,Kadıköy,
375,91b14c52-bfd1-4f69-9580-43eeb5d37dfc,Male,2020-11-12 08:18:51.593,İstanbul,Beşiktaş,Cıhannuma
376,bf4e267e-3c34-40f1-ab5f-7e303271c0f2,Male,2019-10-09 15:49:39.083,İstanbul,Ataşehir,Küçükbakkalköy
377,2fc6af45-8d64-4566-ac7d-9401fc2d7265,Male,2020-01-01 17:18:35.458,İstanbul,Üsküdar,
378,26a79d4a-4a67-4dc2-8992-c6e8e8bced0c,Male,2020-11-27 10:44:02.256,İstanbul,Üsküdar,Yavuztürk
379,9e8af619-cdbd-45e4-bba0-bca28632cf63,Male,2020-03-03 14:38:33.919,İstanbul,Bahçelievler,
380,2577a7af-6945-4d74-9dc0-6548708c54d1,Female,2019-08-27 09:41:37.518,İstanbul,Kadıköy,
381,3cafe5d3-d9ee-4f86-b86a-48aae7c60b37,Male,2019-12-19 15:04:04.163,İstanbul,Maltepe,
382,b64e68d0-6389-40ba-abe0-ddf952503a1f,Female,2021-01-27 14:26:14.457,İstanbul,Kadıköy,Rasimpaşa
383,e00c210a-167c-4d7a-9f2b-fb505f3c1cc4,Male,2019-05-15 13:46:01.011,İstanbul,Kadıköy,
384,903afe33-abcc-4c8c-87f9-eff13468c0fb,Female,2020-11-03 10:46:29.733,İstanbul,Kadıköy,Suadiye
385,76c5750d-4064-4978-92fc-828b11bad1ea,Male,2020-01-20 14:14:19.235,İstanbul,Bahçelievler,Merkez
386,55bce13d-1ca1-4ba1-9c0e-724a9eb2c750,Male,2019-01-02 17:48:48.092,İstanbul,Kadıköy,
387,e9d60ee0-a10b-4993-824b-d3d6edf4daf3,Female,2019-06-27 10:48:13.384,İstanbul,Ataşehir,
388,7665e42f-f515-46e9-8a54-8fae8396f0a8,Male,2019-12-26 18:25:59.306,İstanbul,Kâğıthane,
389,084fdffd-3c10-46a2-8b1d-5de40f51b8d7,Male,2021-01-08 12:01:18.409,İstanbul,Kadıköy,Osmanağa
390,aea49c6a-f4de-4ab4-98e7-585ceb129690,Male,2020-09-07 12:54:06.168,İstanbul,Sarıyer,Poligon
391,05bb8597-f6ba-42b8-9382-deea43974baf,Male,2019-09-02 07:18:25.162,İstanbul,Üsküdar,
392,fc597c8e-65bc-48f6-b5d9-b372238cd94d,Female,2020-03-15 17:49:50.346,İstanbul,Şişli,Bozkurt
393,b5a694e2-3551-4e24-9b51-d694754f9d93,Male,2021-02-22 14:33:49.439,İstanbul,Kartal,Orhantepe
394,5b9a6efe-4622-4cb0-a330-bb8494e81a77,Male,2019-09-16 22:26:14.765,İstanbul,Kadıköy,Fenerbahçe
395,dc4b57bf-6669-4b26-a7b1-278092d56318,Female,2019-10-28 12:49:52.015,İstanbul,Şişli,
396,64332b8d-5b7f-420b-9d77-a8e04dc6504a,Male,2020-01-14 18:37:55.790,İstanbul,Bakırköy,Yeşilköy Mahallesi
397,54ee490d-6af0-48a9-ae8c-a40cb8af4067,Male,2021-01-31 16:08:01.552,İstanbul,Üsküdar,Mehmet Akif Ersoy
398,aaee34af-dde4-4d5c-b334-cc410d17d9ee,Female,2019-01-02 17:40:49.386,İstanbul,Kadıköy,
399,5145dee6-1c84-42ec-abd5-1ffaabbc48ed,Male,2020-07-19 17:45:46.903,İstanbul,Şişli,M.Şevket Paşa
400,9da13dfc-676b-4b56-9bac-c870af79ec37,Female,2020-08-21 14:00:50.266,İstanbul,Kadıköy,Eğitim
401,375fa2d5-c261-44c2-af8a-5ddd778ce671,Male,2019-01-02 18:10:12.813,İstanbul,Kadıköy,
402,0b3f40ce-eae8-4cbf-a672-5ce42e8a0167,Male,2020-01-27 11:03:17.719,İstanbul,Maltepe,Bağlarbaşı
403,15e7ab61-801a-4900-930c-e2e9e87aa49b,Male,2020-01-01 17:47:21.341,İstanbul,Kadıköy,
404,3119f77c-d277-42f2-bdbc-62ba89f5a01a,Male,2020-02-21 15:01:42.536,İstanbul,Maltepe,
405,5bdc6fee-affe-4ffa-b51a-d7e5b9c1f348,Male,2019-12-23 19:39:01.862,İstanbul,Sarıyer,
406,0ed2ddf1-8d0d-4ee8-8c57-f5244ebce318,Female,2019-11-09 13:58:57.674,İstanbul,Sarıyer,
407,4b81139f-1935-443a-a5d5-17a2ec016ee1,Male,2020-01-11 12:45:30.942,İstanbul,Kartal,Atalar
408,6817d460-89fd-41ba-a7e5-b17b9184bb7e,Male,2020-01-27 13:20:13.131,İstanbul,Üsküdar,Acıbadem 
409,059cc7b3-a56a-441c-8baa-136f3ccc5974,Male,2020-01-27 14:11:54.573,İstanbul,Maltepe,Zümrütevler
410,49bf20e7-c112-449f-8bbc-5f7a092bdc2c,Male,2019-12-26 18:53:54.837,İstanbul,Ataşehir,
411,fa865652-fb54-4c69-9faf-3bd1c2687fb4,Male,2020-01-07 10:14:26.174,İstanbul,Kadıköy,
412,4283304b-ed14-4c66-b852-397e1c6194f1,Male,2020-09-07 11:55:09.499,İstanbul,Başakşehir,Bahçeşehir 2. Kısım
413,7660d8d6-fb15-48f3-827b-2a331a9b89e0,Male,2020-06-19 18:31:10.915,İstanbul,Kadıköy,Sahrayı Cedit
414,b792509b-4146-4e3b-ad0d-1fd75dbbfb0c,Female,2020-09-14 11:48:53.144,İstanbul,Maltepe,Küçükyalı
415,04551329-605a-42e7-a402-27a0982cb848,Female,2019-06-14 11:46:32.522,İstanbul,Kadıköy,
416,7fe248d8-6dfb-4496-aa9f-66a2157aa672,Male,2020-11-26 14:03:05.125,İstanbul,Ataşehir,İçerenköy
417,eb701f7d-a7b3-4789-82a8-073a54efc032,Female,2020-02-08 18:24:20.959,İstanbul,Beyoğlu,Tomtom
418,81b43acc-4536-4473-80a8-5412bc7da931,Female,2020-09-01 11:29:39.798,İstanbul,Çekmeköy,Çamlık
419,78303b8f-57b0-464c-907e-05c61314126f,Female,2020-09-07 11:23:56.023,İstanbul,Maltepe,Feyzullah
420,9ee00a30-9923-4fd6-9a0e-64507d145a65,Male,2021-01-12 15:45:06.048,İstanbul,Maltepe,Altıntepe
421,7416817c-eef5-4421-ba49-52569b3b200d,Male,2020-01-27 11:42:41.324,İstanbul,Bakırköy,Zuhuratbaba Mahallesi
422,0ab3e600-4f94-424c-9b83-f605d72476c4,Male,2020-08-26 09:30:25.351,İstanbul,Sarıyer,Rumeli Hisarı
423,3fadb898-77f7-4f58-8eb6-3071c5b86534,Female,2019-08-06 13:32:01.428,İstanbul,Beşiktaş,
424,6594840e-048a-4fa3-ab19-d4b6d26bee78,Male,2020-02-23 19:14:57.516,İstanbul,Başakşehir,
425,b1cec115-154a-4d6b-ac34-c20637996d34,Male,2021-01-11 13:03:26.536,İstanbul,Kağıthane,Harmantepe
426,f7c34d71-27d0-41ce-81dc-e627bfe366e2,Female,2020-02-24 15:05:58.491,İstanbul,Kartal,
427,b4311ae1-a09c-4a6c-b6fa-1463e672124c,Female,2020-10-12 11:32:27.689,İstanbul,Beyoğlu,Kılıçali Paşa
428,3cb1a722-a633-4820-ad84-b7f642dcb3d5,Female,2019-06-27 10:32:10.345,İstanbul,Kadıköy,
429,a83275a3-46b4-4360-be4d-91bfa9a08633,Male,2019-03-26 11:27:38.768,İstanbul,Beşiktaş,
430,3139b6e1-b7db-4ee3-8114-dc745f5b41c1,Male,2019-05-04 13:04:24.700,İstanbul,Şişli,
431,48cb99b9-26e7-44ca-a666-76b4f410ee98,Female,2021-02-11 12:02:50.689,İstanbul,Üsküdar,Validei Atik
432,b2a9fff0-fd3c-4faf-a94c-1715d3b9cef9,Male,2020-12-28 16:02:01.931,İstanbul,Bakırköy,Kartaltepe
433,8f9dda8a-e283-4616-bc03-3c0ec1762083,Male,2020-06-29 13:12:10.339,İstanbul,Kadıköy,Caferağa
434,e66c5aa6-1b79-4d30-8306-624d78178c8d,Female,2020-02-14 11:54:54.783,İstanbul,Maltepe,
435,a25e3b34-e080-4a58-a163-3790057c9b9a,Male,2019-11-07 17:37:33.234,İstanbul,Kadıköy,
436,f96f27dc-ec74-4e49-9527-51833c8fa84c,Male,2019-12-14 00:14:00.094,İstanbul,Ümraniye,
437,db8e69d9-ca79-4dfb-9209-479878785ec3,Male,2019-01-02 18:31:25.644,İstanbul,Kadıköy,
438,e7efc165-35d8-4fc5-b541-589723e203c4,Female,2020-07-22 12:18:13.700,İstanbul,Kağıthane,Merkez
439,1a7114a3-85d6-4f5f-beec-fb66841491a2,Female,2020-06-22 18:50:51.107,İstanbul,Maltepe,Cevizli
440,5d94dd4c-3e60-43ac-bdf3-6ed4107a9619,Male,2020-09-10 11:37:25.935,İstanbul,Çekmeköy,Merkez
441,475bbce4-0ce6-4d75-a511-7a592cf3a771,Other,2020-10-19 10:18:57.367,İstanbul,Beyoğlu,Cihangir
442,06fd8156-910f-4623-861f-7d11a73d8204,Male,2019-08-27 11:39:04.944,İstanbul,Kadıköy,
443,b8af0c27-3e63-4109-b2a4-5a0a2b8758e7,Female,2019-01-15 15:44:21.433,İstanbul,Beşiktaş,
444,7e7c673c-0ef5-4b44-bcc9-c565d754f308,Male,2019-04-29 11:53:14.659,İstanbul,Ataşehir,
445,1e7c433d-70fa-4b25-9a94-92f46fbe4746,Male,2020-02-14 14:56:06.167,İstanbul,Beylikdüzü,
446,de130a42-a5f3-48f8-a023-b0fe9dc8dc78,Male,2020-03-15 17:45:28.673,İstanbul,Şişli,
447,7c378ef5-7a30-4291-bd83-c8db4b161175,Female,2020-02-27 20:39:07.338,İstanbul,Beşiktaş,Türkali
448,bd274e1a-f2fd-40e1-b28d-4e1ab730e285,Male,2019-10-03 22:59:11.709,İstanbul,Beşiktaş,
449,307e4e6a-714f-4764-8410-09faf39d73c4,Male,2020-02-23 19:11:02.564,İstanbul,Kağıthane,Telsizler
450,540af413-b295-493c-a35f-d17a0a56aa12,Male,2020-10-08 12:23:35.592,İstanbul,Üsküdar,İcadiye
451,ac8a553d-5fd1-429c-a27e-72644a9d163b,Female,2020-12-22 12:41:51.065,İstanbul,Üsküdar,Küplüce
452,e0e52c2f-a221-4ea6-a102-980ad2ee5f70,Male,2020-03-05 14:12:42.034,İstanbul,Üsküdar,
453,2681ed5a-8ff7-415f-bd17-0717e7c40f49,Male,2021-01-23 12:44:18.038,İstanbul,Ataşehir,Ataşehir Atatürk
454,b1efaeef-51b1-49a6-93dc-c90c3394f178,Male,2019-11-18 20:09:46.803,İstanbul,Beykoz,
455,b8d11174-6a53-4183-8e86-e2e867a484c8,Male,2020-02-27 19:44:49.069,İstanbul,Üsküdar,
456,977b7961-fe28-4a1d-ac98-be068b4e53c1,Female,2020-12-29 13:22:39.180,İstanbul,Kadıköy,Osmanağa
457,e3cfce92-15e9-4289-abf3-a1ef3ef49678,Male,2021-02-04 13:48:30.617,İstanbul,Beyoğlu,Küçük Piyale
458,afd782fd-bbca-40e7-9015-84666709fb3a,Female,2020-03-17 13:29:37.625,İstanbul,Ataşehir,
459,4b84461a-85c3-40a2-a63c-14ed348000e6,Male,2021-01-27 17:32:10.223,İstanbul,Kartal,Soğanlık Yeni
460,23e93576-fa5f-4660-a5de-f9a74ec2433a,Female,2020-01-14 19:06:01.678,İstanbul,Beşiktaş,Türkali
461,7945e630-dbee-4e2f-802f-53055d69ed91,Male,2020-02-27 20:53:34.636,İstanbul,Beylikdüzü,
462,8977dd34-91fe-4c47-88f8-19b957f0267f,Female,2019-11-18 22:15:17.609,İstanbul,Maltepe,Altıntepe
463,820f43de-5db0-413c-9f4c-e2be746a6c00,Male,2020-11-08 13:50:34.124,İstanbul,Maltepe,İdealtepe
464,0c2a6806-24d2-4480-a1c4-3c316eafe32c,Female,2019-08-06 18:17:40.840,İstanbul,Kadıköy,
465,2fe0ec98-f11b-4930-b0ef-93e0bc5caa91,Female,2019-12-18 11:50:45.964,İstanbul,Kadıköy,19 Mayıs
466,900ea748-cc3e-4df3-99bf-362daf255a1a,Male,2020-11-27 10:23:39.348,İstanbul,Kadıköy,Erenköy
467,f5adb2b4-a53a-49d2-8469-8e59a0beb40e,Male,2020-11-05 14:01:13.128,İstanbul,Sarıyer,Huzur
468,fd1c862f-25a6-4051-a9b5-2776fb28345e,Female,2019-08-26 09:24:47.883,İstanbul,Kadıköy,
469,14c9c390-34ad-440b-807b-c2568267673b,Female,2019-09-09 14:52:31.339,İstanbul,Maltepe,
470,a6f49157-62a5-456d-b483-31ef343a20da,Male,2020-09-23 10:37:12.767,İstanbul,Beyoğlu,Hacımimi
471,f6ebdd3a-757b-4966-bdad-27a598587fae,Male,2020-11-15 12:00:20.222,İstanbul,Maltepe,Zümrütevler
472,e1cd20bb-20aa-4230-8683-a514a391182c,Male,2019-08-06 18:40:25.092,İstanbul,Şişli,
473,580cab36-12df-4834-ad16-0940d8793815,Male,2019-02-08 12:34:37.776,İstanbul,Beşiktaş,
474,75925c18-fc2b-4892-bc38-aecbdee4059e,Female,2020-02-24 20:14:06.300,İstanbul,Şişli,
475,ce140d20-1ab4-4b69-9d35-be0895f1ab58,Female,2020-02-01 14:58:36.170,İstanbul,Kadıköy,Hasanpaşa
476,7c17ae14-6e55-44b4-a695-6723acf918f2,Male,2019-01-02 17:30:55.351,İstanbul,Kadıköy,
477,59061318-da66-4bcc-bcfa-8cc26d8ba9d4,Female,2020-06-22 19:00:48.580,İstanbul,Kadıköy,
478,5865f67b-7db4-4230-8e7c-a55f3a80d6ca,Other,2020-10-26 14:17:48.407,İstanbul,Şişli,Kuştepe
479,ff665506-7322-4fcf-adef-0fdc52a8bd71,Male,2019-09-09 18:54:57.236,İstanbul,Sarıyer,Yeni
480,d4c24771-f0ce-486c-a895-970b694b3147,Male,2019-02-06 15:01:50.487,izmir,bornova,
481,ae269eff-8088-4a3a-9b9a-ae82677db669,Male,2020-11-03 10:21:09.024,İstanbul,Kartal,Uğurmumcu
482,2acc2f2d-aa71-44c6-bee2-068fc054ea68,Male,2020-09-17 14:25:07.634,İstanbul,Bakırköy,Şenlikköy
483,3f4f8615-7c85-42fc-98b6-6f9b0d194a84,Male,2020-12-28 15:58:30.675,İstanbul,Bakırköy,Zuhuratbaba
484,9cf37c6f-3dcd-48dc-9d98-b1b80912c1de,Male,2020-12-06 16:33:49.894,İstanbul,Bahçelievler,Yenibosna Merkez
485,e79f3a48-b504-4dbd-884c-38e69584611d,Male,2019-03-18 10:45:23.782,İstanbul,Beşiktaş,
486,174c9266-15a9-4c28-b6ba-8cc00f051620,Male,2019-11-03 22:13:20.676,İstanbul,Beşiktaş,
487,1ab5c38d-bba8-452c-bc9f-c35e01702af3,Male,2020-11-11 12:48:00.305,İstanbul,Beşiktaş,Ulus
488,913178ca-7d54-4758-a268-cdf9a6770bef,Male,2019-02-16 12:51:13.075,İstanbul,Beşiktaş,
489,c7e63dfc-47ef-48dc-a768-6f90c8b7a433,Female,2020-03-15 17:25:15.723,İstanbul,Kadıköy,
490,2dd09938-d500-406e-b451-59bfb9b8ed74,Male,2020-03-15 17:29:26.893,İstanbul,Beşiktaş,
491,126023e3-5d7e-41e4-bdab-2999b8c7e1b0,Female,2020-06-19 18:37:20.394,İstanbul,Kadıköy,Acıbadem
492,ab8c0fa9-936d-426d-be9c-cf129b55819b,Male,2019-11-18 22:27:16.584,İstanbul,Ataşehir,İçerenköy
493,5ff65fbf-a0f6-409b-8d9a-b533cd8f404f,Female,2020-01-20 15:26:59.954,İstanbul,Pendik,Yenişehir
494,4f05af54-75f2-4957-904f-eb2dd4d148b1,Male,2020-09-03 13:45:48.918,İstanbul,Eyüp,Silahtarağa
495,134cc951-1b0c-41db-b62d-1bf36b0ad459,Female,2020-08-12 12:49:53.089,İstanbul,Üsküdar,Sultantepe
496,7472c40d-16cb-4243-b242-5a5f23329390,Male,2019-12-13 23:20:30.969,İstanbul,Beşiktaş,
497,e0533c40-bf55-434a-8320-608db6330819,Male,2021-01-05 13:11:33.222,İstanbul,Küçükçekmece,Gültepe
498,0e479e14-cc46-4ebc-a0a3-8559e1ec44af,Female,2020-02-21 14:56:40.202,İstanbul,Sarıyer,Yeniköy
499,39366a5d-7831-4161-9798-15ebfc181338,Other,2021-02-15 09:51:42.783,İstanbul,Kadıköy,Merdivenköy
500,e50c6cc6-5542-48c6-a22d-43981f6f7f6c,Male,2020-02-11 14:46:52.144,İstanbul,Maltepe,
501,edfe5ec2-99d6-428d-bc9c-3f59b7a08e1a,Male,2020-08-26 09:24:03.662,İstanbul,Sarıyer,Ferahevler
502,bd5aa2a6-6e5c-4a70-824e-bd5a41eb39d5,Male,2020-08-25 12:39:22.561,İstanbul,Ümraniye,Necip Fazıl
503,b3d41e09-71ec-47ab-bd22-ffb1a4bc79a8,Male,2020-12-10 13:11:16.253,İstanbul,Beşiktaş,Balmumcu
504,eeea4e0c-f319-459b-a7ee-e38e9cf3b8df,Male,2020-12-09 13:31:42.055,İstanbul,Üsküdar,Murat Reis
505,a01d1d0b-2ca4-46dd-ba2b-6d973b00350f,Male,2019-09-09 09:02:16.236,İstanbul,Maltepe,
506,3f61e85d-0ba7-471f-bfc1-b10d4df58921,Male,2020-12-13 10:44:47.611,İstanbul,Şişli,Esentepe
507,7b9c5342-fdd5-4e78-b70c-c25090033cbf,Male,2020-09-14 13:23:06.476,İstanbul,Üsküdar,Ahmediye
508,c5ea5f1d-e49b-4625-9fac-b4a5041d5fcf,Female,2020-02-23 15:11:35.065,İstanbul,Üsküdar,Acıbadem
509,276cbc72-1d50-4eab-9409-63826be9ade9,Male,2019-03-26 11:33:03.784,İstanbul,Kadıköy,
510,778889e8-b624-4400-94ab-ec238a9e7901,Female,2019-06-14 12:59:34.122,İstanbul,Beyoğlu,
511,d14defb6-aaf0-4c18-ba48-2d468552b8d7,Other,2021-02-16 17:56:04.663,İstanbul,Adalar,Burgazadası
512,402c1152-1551-4104-9675-42e87fa52542,Male,2021-02-07 10:49:50.127,İstanbul,Beşiktaş,Mecidiye
513,a73a06c0-546f-4fb3-8870-611ccfefe96a,Female,2021-01-23 13:05:50.000,İstanbul,Beyoğlu,Firuzağa
514,a2f9e4c4-b099-4c93-abab-75308585da17,Male,2019-12-02 18:42:25.663,İstanbul,Kadıköy,
515,991c1363-3d7a-4b97-bf51-10e09dabd493,Male,2019-12-23 19:48:42.606,İstanbul,Kadıköy,
516,ef05eb9d-c91d-46d9-bfcf-64daec2dd832,Male,2019-03-26 11:23:51.953,İstanbul,Beşiktaş,
517,2c70c5e0-a959-4f4c-b053-7b0856d55e76,Female,2019-12-16 15:12:36.232,İstanbul,Beşiktaş,
518,b758a401-1c7a-4ef7-b26f-2a54c3e74a93,Female,2021-01-23 13:08:57.433,İstanbul,Beşiktaş,Abbasağa
519,9c5cd1b0-b252-4778-9d31-b18a19370b86,Male,2019-02-04 11:25:17.413,İstanbul,Beşiktaş,
520,5cfe73b4-51b9-4bc1-b424-e90bafabf57a,Male,2021-02-15 12:49:32.710,İstanbul,Ümraniye,Ihlamurkuyu
521,54f63937-46c8-42b4-ab11-78b9405e52f1,Male,2020-09-03 12:47:28.960,İstanbul,Başakşehir,Bahçeşehir 1. Kısım
522,ec8613ab-3fbf-4c95-a5ce-f925ad79b5d0,Male,2019-11-03 22:37:06.746,İstanbul,Ataşehir,
523,5f54e91b-52cc-47e7-82b6-f465b2993d50,Male,2019-01-02 17:06:06.837,İstanbul,Kadıköy,
524,50c7c20e-0059-43b4-b1a0-e96ba9a5fafe,Male,2019-02-19 21:15:50.269,İstanbul,Kadıköy,
525,5718eff3-3a2e-44f3-8f17-14e36ecb4484,Male,2020-09-21 12:29:59.128,İstanbul,Maltepe,Küçükyalı
526,9de6d84f-b7d5-474e-9def-7bae502731e3,Male,2021-02-07 10:40:45.153,İstanbul,Ümraniye,Kazım Karabekir
527,1ea504a5-5a49-4578-8105-9466af5b6592,Male,2020-10-12 11:48:42.941,İstanbul,Kadıköy,Fenerbahçe
528,48ea826e-fb59-40e6-8777-76fa6600140d,Male,2019-11-18 21:23:10.738,İstanbul,Şişli,
529,5c8c6e6d-0c31-4066-a0ac-c3b4b1223663,Male,2021-02-20 18:45:44.137,İstanbul,Kağıthane,Çağlayan
530,2d402678-3422-4c7f-93ca-67c471c0592f,Female,2020-07-06 19:06:26.869,İstanbul,Kadıköy,
531,d0a604d4-6c1f-47aa-a81f-05726f1e0429,Male,2020-08-25 14:26:37.259,İstanbul,Çekmeköy,Ekşioğlu
532,596e039c-243e-446f-9ddf-6f99c0ef3ce6,Female,2019-01-17 14:23:08.940,İstanbul,Beşiktaş,
533,6ce20a39-6bca-4142-b2bc-00944117d61f,Female,2020-06-23 14:39:18.390,İstanbul,Kadıköy,Göztepe
534,16882d8d-b176-4b48-9392-5889a453a5e8,Male,2021-02-15 13:01:17.154,İstanbul,Sarıyer,Çayırbaşı
535,31472bf8-fb72-48ac-b44e-1eaf0d2da223,Female,2020-01-01 18:46:22.133,İstanbul,Sarıyer,
536,5a434cc7-8f49-4687-a25d-674abd55ff15,Male,2019-11-27 22:16:48.329,İstanbul,Sarıyer,
537,d4616e26-6a95-4728-bc64-ccda65ab6252,Male,2019-01-02 16:30:47.018,İstanbul,Kadıköy,
538,d1feaa9e-de03-4b38-97ae-05d2f54b7cce,Female,2020-02-03 11:32:29.129,İstanbul,Tuzla,Aydınlı
539,5a65602a-2aa2-430a-8941-65eea4e6b8cd,Female,2020-10-13 10:13:16.306,İstanbul,Kartal,Karlıktepe
540,2915a8fc-9c37-4955-abe3-c0ffa0beef98,Male,2019-07-01 14:58:12.009,İstanbul,Kartal,
541,3048d861-37fd-4718-a5e1-8b9f93eb656a,Male,2019-02-10 15:36:00.473,İstanbul,Kadıköy,
542,74977536-bd3e-43f7-b8a0-ee007f57d8f5,Male,2019-03-18 10:50:09.298,İstanbul,Beşiktaş,
543,3b9dd56b-d9b3-4f2a-a36c-f881e0a58282,Male,2019-12-22 12:19:33.755,İstanbul,Ümraniye,
544,998a0dbe-eca1-4d49-9583-639e05238e59,Female,2021-02-24 10:20:45.011,İstanbul,Sarıyer,Poligon
545,dc24fa2c-34aa-4cf9-8a44-46fdf57a8595,Male,2020-03-15 17:37:56.139,İstanbul,Beşiktaş,
546,7fb62085-02e1-4631-b36c-3073cb7c5858,Female,2020-09-03 13:35:02.094,İstanbul,Maltepe,Zümrütevler
547,d517abd5-a046-4bd7-8e5a-55da3af37f18,Male,2019-09-09 17:37:38.048,İstanbul,Beşiktaş,
548,462fc8c0-b26a-4178-aa4c-916d451c5ffd,Male,2020-10-26 14:00:09.091,İstanbul,Bakırköy,Yeşilköy
549,5a4cd2a8-01e6-4d21-9e48-72cc2a6f8072,Other,2021-02-16 16:31:35.534,İstanbul,Adalar,Burgazadası
550,d423bec4-7a90-47e3-bcc8-1e31fb1e859a,Male,2020-02-27 20:11:42.102,İstanbul,Kadıköy,
551,0df16988-64a9-4a2c-8319-5a18b5ec1172,Male,2020-10-05 15:08:46.495,İstanbul,Kağıthane,Merkez
552,733df9cc-8cb9-4e7a-94bb-e2d3a67479bb,Male,2020-08-19 13:54:51.569,İstanbul,Kadıköy,Fenerbahçe
553,efffd20e-0775-4d17-844a-7a384772346b,Male,2019-01-02 17:15:20.427,İstanbul,Beşiktaş,
554,93e45e2a-31ba-439e-8bfe-28316b18ff4e,Female,2019-04-22 11:58:57.197,İstanbul,Beşiktaş,
555,99efa1f2-27a3-41fb-a8c9-9a6eca81738e,Female,2021-01-11 13:38:01.303,İstanbul,Ataşehir,İnönü
556,f71572ae-9444-4046-8bcb-6ff5d2db2a80,Male,2020-08-21 17:20:03.157,İstanbul,Kağıthane,Çeliktepe
557,b525768c-d6b4-487b-89b8-9e571fb209e6,Male,2020-08-19 13:35:28.364,İstanbul,Kartal,Çavuşoğlu
558,3a6371a1-f3b6-4777-bd21-84c45ea56579,Male,2020-07-22 12:12:30.645,İstanbul,Kadıköy,19 Mayıs
559,5f20d766-4e0c-4f7a-8b59-026c0c252681,Male,2020-06-26 11:42:19.513,İstanbul,Kağıthane,Çeliktepe
560,3c57f668-8276-4585-bb49-54fe95485958,Male,2019-09-16 21:35:58.426,İstanbul,Üsküdar,
561,08283549-52bd-4a8b-bcd7-569a3dab483c,Female,2020-03-05 14:18:02.399,İstanbul,Beşiktaş,
562,d838cf89-9dfa-4974-a919-696dbf5a0e37,Male,2020-11-15 12:44:06.846,İstanbul,Sarıyer,Maden
563,7ca3e369-48ba-409f-a4d3-4903434ad660,Female,2020-01-01 17:13:08.838,İstanbul,Üsküdar,
564,245179e2-e44f-4e22-b156-797bb128e476,Male,2020-02-06 10:24:09.704,İstanbul,Bakırköy,Sakızağacı
565,68c35515-8bc7-4013-80db-cd58f776f065,Male,2020-09-17 13:33:46.890,İstanbul,Bakırköy,Kartaltepe
566,f0df3062-386a-495d-9eb6-660eab35b84b,Male,2021-01-27 17:37:08.289,İstanbul,Ümraniye,Armağan Evler
567,b5ee60a9-4706-48dd-ada6-f65acd41616d,Male,2019-12-25 06:05:18.196,İstanbul,Beşiktaş,
568,2b528215-5044-41ce-81df-e1f1e1a55172,Male,2019-07-31 16:54:41.203,İstanbul,Kadıköy,
569,e1ba1370-b1d9-4108-a8b1-971e88803251,Male,2020-09-07 12:28:30.989,İstanbul,Kadıköy,Kozyatağı
570,045cc0a5-afb1-4caa-9575-7faf6d3e1f69,Male,2020-03-04 12:39:17.707,İstanbul,Maltepe,
571,91be7e3c-a351-4a44-8e3d-427d045b49f9,Male,2020-09-07 10:33:58.505,İstanbul,Ataşehir,Esatpasa
572,f1da92ca-2037-4cbd-9b9f-82db488d29fc,Female,2020-07-22 13:22:52.937,İstanbul,Beyoğlu,İstiklal
573,ca31576e-775c-4bcc-9c06-80a277ce86c7,Female,2020-09-10 13:30:02.187,İstanbul,Kartal,KordonboyuOrhantepe
574,180ba999-7aa6-413b-81b8-7e1e97672fca,Male,2019-12-23 19:03:10.997,İstanbul,Kadıköy,
575,9be3af8b-8464-46e3-bee0-82b478ebd06a,Female,2019-01-02 17:43:57.775,İstanbul,Kadıköy,
576,42ccded4-4cdf-4a7f-aa82-3729ec485dfb,Female,2021-01-11 13:11:55.021,İstanbul,Kadıköy,19 Mayıs
577,58b2ec27-6ed6-428c-abac-f1f1ff1c60f7,Female,2019-01-02 17:20:46.114,İstanbul,Kadıköy,
578,aa82a599-8194-4f1d-8357-f44ba9c2af2d,Female,2019-09-02 09:35:39.446,İstanbul,Kadıköy,
579,eda49c4d-a35e-486d-9c97-33c89ef6f10b,Male,2020-01-24 12:39:11.620,İstanbul,Kartal,Atalar
580,7622d4aa-99aa-4eb8-87c9-e4f26b1d9059,Male,2019-05-27 21:08:55.041,İstanbul,Şişli,
581,f758ace4-e283-484d-9b2c-2168d7ce5a1d,Female,2019-12-28 20:01:54.035,İstanbul,Kadıköy,
582,aaa0dc18-e29f-4cf5-b070-235114e7f6c3,Female,2020-09-17 13:13:29.196,İstanbul,Beylikdüzü,Adnan Kahveci
583,80c77b20-843b-4799-b97a-28cfb7ccd2c0,Male,2019-12-17 20:38:00.716,İstanbul,Kadıköy,
584,5597f741-12a1-43f9-be7f-a79f6165645b,Female,2019-12-23 19:30:20.982,İstanbul,Maltepe,
585,e07c18c0-844b-4102-86c7-d40ad0c4fc47,Male,2019-03-25 17:17:28.274,İstanbul,Kadıköy,
586,1fdd73b9-c353-4d42-902c-0dfec00f1299,Female,2019-11-07 18:36:09.401,İstanbul,Beşiktaş,
587,5f34b717-0a13-402d-8564-388b63127bea,Female,2020-03-05 15:05:09.398,İstanbul,Ataşehir,
588,c30bd6f4-170d-44cc-9ce9-e8c13333bfd6,Male,2020-11-05 14:19:41.010,İstanbul,Sarıyer,Pınar
589,9b065a64-6a2b-4400-b306-0e2d9fb9ed4d,Male,2020-12-22 13:02:15.671,İstanbul,Üsküdar,Yavuztürk
590,2ca0f63e-16f1-44d6-9b82-2c24977581e4,Female,2020-08-09 09:15:53.204,İstanbul,Şişli,İzzetpaşa
591,674470c8-554b-42d9-a460-9970930612da,Male,2019-01-02 17:13:49.917,İstanbul,Kadıköy,
592,cd93999f-f196-47cb-b644-949fd716e1af,Female,2020-01-15 07:57:23.048,İstanbul,Kadıköy,Bostancı
593,08b54359-e2ba-4155-807a-f0f4c19ad0e3,Female,2021-02-26 11:58:49.747,İstanbul,Kağıthane,Çeliktepe
594,b98a2fbe-0ff0-4c18-ad6b-7ce23868cd9c,Female,2019-11-10 16:58:27.807,İstanbul,Kadıköy,
595,b5cc317e-3cd2-46c7-bc66-8ec774aaa5ef,Male,2021-01-12 09:47:28.917,İstanbul,Sarıyer,Merkez
596,9013ac0d-f457-46fd-b71b-6735c1f756a9,Male,2019-11-10 19:03:59.438,İstanbul,Kadıköy,
597,7c56bb89-2129-4a89-abdd-f8dcffe31b01,Male,2020-09-01 11:08:26.984,İstanbul,Kağıthane,Seyrantepe
598,85430b3c-4b30-494d-a60d-6775979742e5,Female,2020-10-26 14:09:24.573,İstanbul,Beylikdüzü,Dereağzı
599,f73e3a32-80dd-4bb1-9d10-c5642649983c,Female,2020-06-25 12:27:02.637,İstanbul,Kadıköy,Merdivenköy
600,3b8d1190-9f96-4618-94c1-22726252b5f4,Female,2020-03-13 14:57:15.874,İstanbul,Üsküdar,
601,fd2e5c4a-8291-4870-9200-046f084ca7f0,Male,2020-11-12 08:29:59.127,İstanbul,Beşiktaş,Türkali
602,87e77280-efce-4f16-a45e-3d838871cb93,Male,2019-07-01 15:01:48.181,İstanbul,Üsküdar,
603,b7c14a71-af29-4726-90f3-2497579befe9,Female,2020-10-05 11:51:00.732,İstanbul,Üsküdar,Bulgurlu
604,7cc8537a-f97b-423f-a787-ad991c788b66,Female,2021-02-08 08:11:02.574,İstanbul,Ümraniye,Tantavi
605,d0b2e665-8903-4871-bed9-e44e977c5078,Male,2020-01-27 14:42:28.644,İstanbul,Bakırköy,Kartaltepe Mahallesi
606,142efb50-70c5-4c6e-ace5-c0aff60b03bb,Female,2021-02-07 12:35:52.307,İstanbul,Sarıyer,Demirci
607,580e1513-c655-4b60-a86d-b9203cc3be08,Male,2020-02-03 10:40:51.198,İstanbul,Kadıköy,Osmanağa
608,176d96e5-0076-4db2-a529-864e0a883fdb,Male,2019-07-31 16:40:22.088,İstanbul,Kadıköy,
609,004936aa-fb2c-402f-9738-676ca131575a,Female,2020-03-05 14:27:34.396,İstanbul,Beşiktaş,
610,1bcca47c-3b0c-41a8-98bd-472756e67707,Female,2019-10-03 22:41:01.858,İstanbul,Beşiktaş,
611,aa6053c9-6324-4b25-8f32-e81665474bb9,Male,2019-01-23 16:40:05.276,İstanbul,Kadıköy,
612,ecb32aa1-e3bf-4b09-ab40-68229826bc3a,Male,2021-01-17 13:25:52.473,İstanbul,Beşiktaş,Dikilitaş
613,d8b704ef-e2d7-45b6-9f39-ae58a9493e9c,Male,2019-11-27 21:44:04.223,İstanbul,Maltepe,
614,a6241a7f-34cb-46f2-bd46-b5d8f197e269,Male,2020-12-13 11:00:42.579,İstanbul,Maltepe,Esenkent
615,d050ff0e-a95c-4dc9-bc83-1ceca33a4dfa,Female,2021-02-18 10:21:15.733,İstanbul,Maltepe,Cevizli
616,c2db74dc-506c-4db3-83c8-57d0b5d9aef7,Male,2020-12-10 11:15:12.459,İstanbul,Beşiktaş,Arnavutköy
617,3882c19c-b94a-4eb0-a138-21e2a58c1a9c,Male,2020-02-23 19:01:34.790,İstanbul,Ümraniye,
618,bccddfa4-3b12-4cb8-a2eb-1db3632f6802,Male,2020-10-19 09:46:50.465,İstanbul,Ümraniye,Atatürk
619,8b784277-d4c0-48b4-aab9-dbe6da58a625,Male,2020-12-09 14:17:24.336,İstanbul,Ataşehir,İçerenköy
620,453baf30-4150-49cc-99d7-a80a5c9d1611,Female,2020-03-09 15:20:30.546,İstanbul,Kadıköy,
621,ac43f7aa-a0b6-4e11-8411-35618edfa8bf,Male,2020-10-05 12:22:13.911,İstanbul,Bahçelievler,Şirinevler
622,3053d0c7-3e71-42f0-84e3-3189644a3d8f,Female,2019-12-23 19:43:43.814,İstanbul,Kâğıthane,
623,1f8ad5e3-72fd-4334-8302-612cea562ee1,Male,2019-12-24 11:11:19.405,İstanbul,Beşiktaş,
624,4c5050b3-ff5d-4788-bbeb-daaa40c4502e,Male,2019-08-26 09:51:24.520,İstanbul,Beşiktaş,
625,c11ff233-b850-49ce-b31d-582318117a83,Male,2020-01-15 08:13:02.024,İstanbul,Şişli,19 Mayıs Mahallesi
626,6c23cf5e-8c2a-488e-a944-c559777efecb,Female,2020-09-28 10:27:20.521,İstanbul,Beşiktaş,Türkali
627,fb65e1de-ba31-4627-8190-7098042ab123,Male,2020-09-14 13:54:36.202,İstanbul,Kağıthane,Sanayi
628,2a08c522-6d47-4571-9aa4-0998deb6027b,Female,2019-09-01 12:49:48.662,İstanbul,Kadıköy,
629,4c699b0b-80e5-455d-a89f-0474cad72a8b,Male,2020-01-06 14:56:05.433,İstanbul,Kadıköy,
630,ef91842f-70c1-455c-b952-7b4abfd196e3,Male,2020-07-24 11:47:16.357,İstanbul,Ataşehir,Kayışdağı
631,52914242-b2e6-4e5b-90ff-8288d69d786f,Female,2021-02-11 12:43:45.100,İstanbul,Kartal,Orta
632,208836e5-1a27-4a51-952e-f7758ffe04a4,Male,2020-09-14 12:13:15.840,İstanbul,Sarıyer,Ayazağa
633,935fc3e8-f459-401a-a82e-096b72391031,Male,2020-09-27 12:12:57.269,İstanbul,Kadıköy,Göztepe
634,9beaf9cf-bbce-4629-b99b-b130e3ca3bca,Male,2019-06-26 12:31:04.790,İstanbul,Kadıköy,
635,9658bd73-92a3-4b90-8fd4-c83f2f0093c9,Male,2020-03-15 17:50:41.643,İstanbul,Ataşehir,
636,c9ad29d6-8bd9-45d5-8065-19a5e404c515,Male,2019-01-02 18:47:50.779,İstanbul,Kadıköy,
637,0341ed07-773d-440a-a3c9-51464586f794,Female,2021-02-20 19:08:34.406,İstanbul,Şişli,İzzetpaşa
638,02381a5f-1110-4089-930c-37551079a9d5,Female,2019-11-13 14:02:05.223,İstanbul,Beşiktaş,
639,f898ac3f-626f-4108-92b3-bdd27312a56c,Female,2019-06-03 11:54:31.396,İstanbul,Kadıköy,
640,03b85e74-989f-4cf2-993f-d8411de50e3a,Female,2020-02-04 09:59:30.186,İstanbul,Şişli,Yenişehir
641,7504e48a-8c42-4367-a26b-d5eb44bd6465,Male,2019-12-13 13:08:04.209,İstanbul,Kadıköy,
642,86512c6e-c292-487a-bf52-8cdfdee8a10c,Male,2021-01-05 15:06:34.375,İstanbul,Ataşehir,İnönü
643,55adde0c-be71-4987-aa85-38b32e6a0cff,Male,2020-02-11 15:19:22.816,İstanbul,Kadıköy,
644,50565be2-3947-4f3b-8251-37f3c881a2c2,Male,2019-01-03 15:37:40.186,İstanbul,Kadıköy,
645,e19a8df1-44a2-4e24-9dda-5a85b80a1077,Male,2019-11-18 22:03:15.882,İstanbul,Maltepe,
646,7dd7b478-3465-40e6-abfd-605434b9c81d,Male,2020-12-13 11:25:54.667,İstanbul,Şişli,Bozkurt
647,d840563c-de72-4715-a202-6cd77f3cf25d,Female,2019-02-15 14:33:54.809,İstanbul,Beşiktaş,
648,c24e45ff-b07b-4a0f-8588-ef660cccfe33,Female,2020-01-20 13:51:33.856,İstanbul,Kadıköy,Rasimpaşa
649,d7e12e34-f4c3-4f25-8f38-b86dcb65cd42,Male,2020-09-14 13:29:26.798,İstanbul,Kadıköy,Rasimpaşa
650,4fb20240-68e7-430e-be8a-ea217189b3e4,Female,2019-09-09 14:46:39.977,İstanbul,Maltepe,
651,c7333acb-f67c-430b-8dec-eb3337e4dc00,Male,2020-01-27 11:38:51.985,İstanbul,Şişli,Mecidiyeköy
652,e272a0f2-de69-4949-8541-0cecfb3223f2,Female,2020-01-15 08:45:50.724,İstanbul,Bahçelievler,Sivayuşpaşa
653,552f8f14-4718-4569-912b-8e4844fed9b2,Female,2019-05-22 09:10:21.759,İstanbul,Şişli,
654,abdaa0de-9c9b-4978-97e7-a1a30ac09cd3,Female,2019-10-07 09:37:58.914,İstanbul,Sarıyer,
655,12557c38-47e9-4445-952b-a8bcec0f80ea,Female,2020-07-13 13:39:37.138,İstanbul,Maltepe,Altıntepe
656,6298ccfc-1a74-429f-b29c-46bebc5600b8,Male,2020-11-12 08:42:45.541,İstanbul,Bakırköy,Basınköy
657,20ddc7c7-4855-47c3-95a5-70e9f47f3451,Male,2020-03-17 13:02:04.869,İstanbul,Şişli,
658,45ec9e1d-36a8-4585-aa9e-2793d1559cab,Male,2019-04-10 10:04:27.889,İstanbul,Beşiktaş,
659,89259044-54bc-427d-972a-0cc747dc78dc,Male,2020-12-18 10:30:31.162,İstanbul,Pendik,Doğu
660,96a84d46-4c33-4b11-b347-4f9858eeadbb,Female,2019-09-09 09:52:22.941,İstanbul,Beyoğlu,
661,f1b9d0de-86b8-4828-967d-ecb120dbc10c,Male,2021-01-27 17:27:01.641,İstanbul,Kartal,Cevizli
662,350a7734-6c1d-473b-866e-a9b055a76ca2,Male,2019-08-26 11:52:00.725,İstanbul,Ataşehir,Ataşehir Atatürk
663,a2b31d26-b026-4dc7-9324-0015b4a05f8f,Male,2019-03-18 12:26:42.869,İstanbul,Beşiktaş,
664,0a1fc16f-1a26-4eb4-ad83-e6a15b2bf633,Male,2019-12-23 19:59:42.940,İstanbul,Beyoğlu,
665,fe99109f-6d1e-48d7-aad4-b9c4198cc0ab,Male,2021-01-27 14:36:59.964,İstanbul,Ümraniye,Çakmak
666,8ed9220b-a8f8-490f-a054-9de343a0d488,Male,2019-08-13 20:06:13.952,İstanbul,Kadıköy,Feneryolu
667,d9202441-5dc5-460f-9eb9-97b82c31d6a2,Male,2020-10-05 12:05:40.633,İstanbul,Maltepe,Küçükyalı
668,8a5e2acb-3a37-451f-afd4-1ff026c19ac0,Male,2020-09-01 14:37:24.714,İstanbul,Çekmeköy,Merkez
669,91f4e276-4949-42cd-8886-5d5d61aaf9fe,Male,2020-08-09 09:55:13.733,İstanbul,Maltepe,Gülsuyu
670,e6b3c81f-3034-4532-8e03-8e4ceafba187,Female,2020-07-13 14:29:10.343,İstanbul,Kartal,Soğanlık Yeni
671,753c6aa3-0bd3-45ed-9ae6-7c197b156b9b,Female,2020-10-26 14:32:21.403,İstanbul,Bakırköy,Ataköy 7-8-9-10.
672,a62ef404-92bc-46eb-87e7-ee8ad4402365,Male,2019-12-23 18:30:47.133,İstanbul,Üsküdar,
673,2b4a3283-e883-46cf-ab6b-abe6d3f72f10,Female,2020-11-05 14:08:37.958,İstanbul,Beşiktaş,Cıhannuma
674,78f4f3d6-d5b8-42cf-bb68-d54257a0c563,Male,2020-09-10 11:49:38.186,İstanbul,Sarıyer,Ayazağa
675,d139d118-ba8c-4e09-be66-74c138a1b014,Male,2020-08-24 13:53:59.158,İstanbul,Üsküdar,Selamiali
676,199a1d58-e16a-4345-bb02-5d5e5d130bf7,Male,2020-08-19 17:24:53.764,İstanbul,Bahçelievler,Siyavuşpaşa
677,65d9259e-c53d-4de9-ae92-f21f2b1335e9,Male,2020-08-19 13:31:52.865,İstanbul,Kadıköy,Erenköy
678,27ed974e-8893-4d8e-8d76-d479109157f3,Female,2020-11-30 09:07:51.710,İstanbul,Beşiktaş,Vişnezade
679,ecd2958b-c359-42e2-aa24-4a8986e2a7f2,Female,2020-01-11 13:16:21.891,İstanbul,Pendik,Yayalar
680,ceaedb22-aaf0-4b24-9652-139e071f4d6e,Female,2020-11-25 13:34:12.885,İstanbul,Kadıköy,19 Mayıs
681,878fb2eb-29bb-48b5-a8ef-9439f8d29617,Other,2021-02-16 16:21:33.145,İstanbul,Adalar,Burgazadası
682,eed136ac-7938-4484-85a4-f95eec45c457,Male,2021-02-26 11:55:27.079,İstanbul,Kağıthane,Gürsel
683,903901b0-3520-4173-b2c2-5e2e8578b787,Male,2020-01-24 13:09:17.048,İstanbul,Maltepe,Cevizli
684,08a44620-c567-46c1-bc0e-ef527a72ee52,Male,2020-03-09 14:39:45.696,İstanbul,Kağıthane,
685,e8d44c7f-ba73-417d-ac68-f35011518ed2,Male,2020-01-27 13:29:46.286,İstanbul,Bahçelievler,Soğanlı
686,4a92816e-bf87-4d71-ab46-984678eed942,Male,2020-03-09 14:57:27.542,İstanbul,Kağıthane,
687,806df195-5400-464d-9047-c19dea222d84,Male,2020-09-17 13:51:09.044,İstanbul,Kadıköy,Bostancı
688,696633dd-a974-4447-afbd-231f9b80d794,Male,2019-04-15 21:18:40.550,İstanbul,Kâğıthane,
689,c3b07f44-5b82-4877-8c57-3eb35f033fe0,Female,2020-02-21 15:15:17.061,İstanbul,Kadıköy,
690,f3b68ce0-1dcf-4b7a-9368-0f05243c61ef,Female,2019-03-14 08:43:52.938,İstanbul,Beşiktaş,
691,fb01f760-2e48-40fa-8670-2cf8509a1f0d,Female,2021-02-04 13:43:47.624,İstanbul,Beyoğlu,Bereketzade
692,3e68659a-da5e-4598-bb0e-e6fdd7e2c40c,Female,2019-09-13 12:15:48.616,İstanbul,Bakırköy,
693,23d37d7a-adf9-4686-a75c-a64b35dd5cde,Male,2019-03-18 10:37:59.695,İstanbul,Beşiktaş,
694,fc366a24-5513-4710-bc95-57d9ac3a11eb,Female,2020-12-22 14:04:33.094,İstanbul,Beşiktaş,Vişnezade
695,6911ca2e-1d47-429a-84e0-1c253246ef7f,Male,2019-12-17 15:17:45.491,İstanbul,Kadıköy,
696,106a8d64-808e-4d5a-b2a6-376707a8b206,Female,2019-01-15 14:59:28.681,İstanbul,Kadıköy,
697,e832f1e9-d90e-4a1f-ae6d-88a67621919f,Male,2020-12-02 13:19:06.322,İstanbul,Pendik,Kurtköy
698,ab3b0a57-5747-4486-8e54-9790ac8d9e7f,Female,2019-12-23 18:44:59.420,İstanbul,Kadıköy,
699,67293909-d6be-4427-8377-d38bf870eddf,Female,2019-07-31 22:22:06.862,İstanbul,Maltepe,
700,f03b8915-7a52-4700-85c0-3c3bdf366f8f,Male,2019-06-03 11:50:51.985,İstanbul,Ataşehir,
701,3eb8edec-4790-4347-86a2-244207e5a5e5,Male,2019-11-22 15:11:02.233,İstanbul,Şişli,
702,88bda678-95a0-4391-a66f-9c77f87b84b3,Male,2020-01-03 05:25:32.147,İstanbul,Maltepe,
703,9bd6aa1a-75c1-4bd5-a69e-477a2e5e5c27,Male,2020-09-17 14:15:30.023,İstanbul,Tuzla,İçmeler
704,757e33ec-9670-4550-b2ec-b2ca9581a6b9,Female,2019-04-29 11:56:38.254,İstanbul,Sarıyer,
705,61cefa46-9e5d-4f2f-9ca9-dfe205260a43,Female,2021-01-05 14:23:56.140,İstanbul,Üsküdar,Acıbadem
706,363e88cc-6c7d-4a9d-827e-2c93f0ceaf80,Male,2019-06-03 11:46:47.859,İstanbul,Ataşehir,
707,9baa9386-84c0-44f1-ad20-1f6e9403de0f,Male,2020-08-09 08:21:00.929,İstanbul,Kadıköy,Rasimpaşa
708,71b9b623-e915-4c4e-83ca-ac77d20697f7,Male,2019-06-14 12:35:38.037,İstanbul,Beşiktaş,
709,8750ed64-3456-446f-854b-dffd86582fce,Female,2020-02-23 14:46:41.664,İstanbul,Üsküdar,İcadiye
710,3f9a90f3-4dba-42e2-be04-4b52a6d16ff5,Female,2019-06-26 12:35:39.367,İstanbul,Ataşehir,
711,a8ab8fda-693a-4fd0-99e9-b41019d88f43,Female,2019-09-16 21:50:21.481,İstanbul,Kadıköy,
712,e3ff9782-a87c-4ffd-94fe-da494d5cb737,Male,2020-09-14 13:03:18.166,İstanbul,Çekmeköy,Çamlık
713,c01159d8-394e-4b76-92cf-2084a85fb69a,Male,2021-01-11 12:57:07.068,İstanbul,Kadıköy,Rasimpaşa
714,5feada19-0fad-431f-9e9f-c1096c194598,Male,2020-11-26 13:42:15.745,İstanbul,Ataşehir,İçerenköy
715,582ba21c-bf0f-41ed-a66d-abaf74155427,Male,2019-01-08 14:45:11.729,İstanbul,Kadıköy,
716,d005408b-e621-42f5-ad47-6d05f71812ff,Female,2019-10-19 19:57:11.157,İstanbul,Kadıköy,Eğitim
717,57e783bb-af90-48b4-9d0a-ac0e900518e5,Female,2019-03-12 08:08:15.658,İstanbul,Beşiktaş,
718,e5cb97e4-4d7b-4b00-85c1-5a2337d512b6,Male,2019-03-18 10:35:00.319,İstanbul,Beşiktaş,
719,250ca5ed-b759-4cdc-b5fd-ad111b2c10c2,Female,2020-03-04 11:41:51.144,İstanbul,Kadıköy,
720,76fc6820-0871-461a-9d3a-c11d4aa3f557,Male,2020-01-07 11:32:44.339,İstanbul,Kadıköy,
721,6e69f616-4e13-49ba-a1b3-905ef0a59811,Male,2020-02-29 14:38:16.486,İstanbul,Ümraniye,Çakmak
722,ac40ca52-b4d9-4cde-9c2e-d489c58554e7,Female,2019-11-07 18:23:57.645,İstanbul,Ataşehir,
723,1349ab3f-93bf-4cf8-8546-c82fb22113a0,Female,2019-01-02 17:36:36.582,İstanbul,Kadıköy,
724,e05541e9-7560-42b7-85b8-9bf76ed5d345,Female,2020-10-08 12:57:22.442,İstanbul,Beşiktaş,Sinanpaşa
725,8ec22b8d-0e4e-433b-92bc-29495f0b8680,Male,2019-03-12 08:18:41.605,İstanbul,Beşiktaş,
726,47f70e45-5b0c-4789-b9ed-10aec14125dc,Female,2019-04-10 10:01:26.674,İstanbul,Beşiktaş,
727,3aff1e71-d407-471d-aa41-4847a4464aa4,Female,2019-01-02 17:01:56.931,İstanbul,Kadıköy,
728,a5006ac2-b567-48ae-bddf-f06e371c5108,Female,2019-01-02 16:57:38.020,İstanbul,Beşiktaş,
729,5ff90153-723d-4317-8a2c-df87fa88845d,Male,2021-02-21 11:36:00.027,İstanbul,Beşiktaş,Mecidiye
